,Название,Описание,Требования к исполнителям,Требования проекта,Заказчик,Куратор проекта,Контактная информация Заказчика,Тема проекта,Роли исполнителей,hard skills,Важность ролей
0,Сервис по анализу городской топологии,"Сервис должен позволять устанавливать среднее число связей (связь - это пересечение улиц) в топологии города  для каждой улицы города со всеми остальными как в городе в целом, так и по отдельным районам.","['Знание Javascript/Typescript и т.п.', 'Знание стандартов HTML/CSS', 'Знание фреймворков React/Angular/Vue и т.п.', 'Знание инструментов сборки фронтенд-проектов', 'OSM API', 'NetworkX, Pandas']",[],Центр аналитики динамических процессов и систем СПбГУ,Блеканов И.С.,,1. Разработка веб-сервисов,"1. Data Science  
2. Backend - разработка  
3. Frontend - разработка  
4. Testing  
5. DevOps","OSM API, NetworkX, Pandas","1. **Data Science**  
   Оценка: 5  
   Требуется глубокое понимание алгоритмов и статистических методов для анализа данных о связях между объектами. Это ключевая роль для обработки и визуализации сложных сетевых структур.
   
2. **Дизайн UX / UI и проектирование интерфейсов**  
   Оценка: 3  
   Хотя дизайн интерфейса важен, проект фокусируется на технической стороне, где основное внимание уделяется анализу данных и разработке алгоритмов.

3. **Backend - разработка**  
   Оценка: 4  
   Необходимы навыки разработки серверной части для работы с данными и интеграции с пользовательским интерфейсом.

4. **Frontend - разработка**  
   Оценка: 4  
   Разработка пользовательского интерфейса важна, но не является критически значимой для основной задачи проекта.

5. **Тестировщик**  
   Оценка: 2  
   Тестирование важно, но его роль менее критична по сравнению с другими ролями, особенно учитывая техническую сложность проекта.

6. **devOps**  
   Оценка: 2  
   DevOps необходим для развертывания и поддержки инфраструктуры, но проект может быть запущен без него на начальном этапе."
1,Чат-бот первой линии поддержки,"С целью повышения доступности поддержки и сокращения затрат на работу сотрудников Службы технической поддержки УСИТ СПбГУ (СТП УСИТ), ставится задача разработки и обучения интеллектуального агента (далее бот) для различных каналов связи.
С целью обучения интеллектуального агента будут предоставлены данные и экспертиза сотрудников СТП УСИТ.","['Анализ данных, NLP, speech processing, разработка средств интеграции', 'плюсом будет понимание принципов работы команд технической поддержки, IP телефонии']",[],УСИТ СПбГУ,Блеканов И.С.,,2. Анализ текстов и поисковые движки,"1. Data Science  
2. NLP/Speech Processing  
3. Разработка средств интеграции  
4. Анализ данных  
5. Экспертиза в области технической поддержки","Анализ данных, NLP, speech processing, разработка средств интеграции","1. **Data Science** - 5  
   Оценка высокая, так как для реализации проекта требуется специалист с глубокими знаниями в области анализа данных, обработки естественного языка (NLP) и речи, что является ключевым аспектом для создания интеллектуального агента.
   
2. **Дизайн UX / UI и проектирование интерфейсов** - 2  
   Эта роль менее важна для данного проекта, поскольку основная цель – создание бота для автоматизации процессов службы поддержки, а не разработка удобного пользовательского интерфейса.

3. **Backend - разработка** - 4  
   Важность этой роли высока, но чуть ниже, чем у Data Science, так как backend необходим для интеграции всех компонентов системы, но его разработка может быть более стандартной по сравнению с уникальными задачами Data Science.

4. **Frontend - разработка** - 3  
   Меньшая значимость, чем backend, так как фронтенд нужен скорее для визуализации взаимодействия пользователя с ботом, а не для сложных интерфейсных решений.

5. **Тестировщик** - 3  
   Значимость тестирования также невысока, так как основной акцент сделан на разработку и обучение бота, а не на проверку конечного продукта.

6. **devOps** - 2  
   Роль devOps важна для развертывания и поддержания инфраструктуры, но она менее критична для первоначального этапа разработки бота."
2,Агрегатор мероприятий,"Разработка progressive web-app - агрегатора мероприятий с существующих площадок meetup.com, timepad, тематические telegram-каналы и др., с выдачей рекомендаций и удобной регистрацией на события","['Обеспечение автоматического сбора данных о мероприятиях с различных источников', 'Создание мощного механизма поиска, позволяющего пользователям находить мероприятия по различным критериям (локация, дата, тематика)', 'еализация системы рекомендаций, учитывающей предпочтения и историю участия пользователя в мероприятиях']",[],OpenDataScience Community,Блеканов И.С.,,1. Разработка веб-сервисов,"1. Data Science  
2. Backend - разработка  
3. Frontend - разработка  
4. DevOps  
5. Testing","python, scrapy, django, celery, redis, postgresql, elasticsearch, machine learning, natural language processing","1. **Data Science** - 5  
   Оценка: 5  
   Данная роль критична для проекта, так как требуется анализ данных, построение моделей машинного обучения для рекомендаций и обработки больших объемов информации.
   
2. **Дизайн UX / UI и проектирование интерфейсов** - 4  
   Оценка: 4  
   Эта роль важна, но не является ключевой для реализации базовой функциональности приложения. Однако качественный дизайн повышает пользовательский опыт и может влиять на успех продукта.

3. **Backend - разработка** - 5  
   Оценка: 5  
   Важность этой роли высока, поскольку необходимо обеспечить надежную инфраструктуру для работы с данными, интеграциями с внешними источниками и системой рекомендаций.

4. **Frontend - разработка** - 4  
   Оценка: 4  
   Роль также важна, так как фронтенд отвечает за удобство взаимодействия пользователей с приложением, однако его реализация менее сложна по сравнению с бэкендом.

5. **Тестировщик** - 3  
   Оценка: 3  
   Хотя тестирование важно для любого проекта, его значимость ниже, чем у разработчиков, так как основная функциональность уже реализована разработчиками.

6. **devOps** - 2  
   Оценка: 2  
   DevOps играет вспомогательную роль, обеспечивая инфраструктуру и автоматизацию процессов, что важно для масштабирования, но не критично для начальной разработки."
3,Анализ данных онлайн курсов,"На основе данных материалов и действий учащихся онлайн-курсов выявить показатели, определяющие их эффективность. Эффективность курса состоит из двух компонент: качество образовательных материалов и коммерческий потенциал. Данные являются отчётами и логами образовательных платформ “Coursera” и “Открытое образование”.","['Обеспечение автоматического обновления данных для регулярного анализа', 'Разработка методики для определения качества образовательных материалов и коммерческого потенциала курсов', 'Разработка графических инструментов для визуализации результатов анализа']",[],"СПбГУ, ЦРЭОР",Блеканов И.С.,,5. Анализ табличных данных,"1. Data Science  
2. Backend - разработка  
3. Frontend - разработка  
4. DevOps  
5. Designer (UX/UI)","python, pandas, matplotlib, seaborn, scikit-learn","1. **Data Science**  
   Оценка: 5  
   Эта роль критически важна для проекта, так как требуется работа с большими объемами данных, анализ и визуализация результатов.
   
2. **Дизайн UX / UI и проектирование интерфейсов**  
   Оценка: 2  
   Хотя дизайн интерфейсов может быть полезен для представления результатов анализа, это не является основной задачей проекта.
   
3. **Backend - разработка**  
   Оценка: 3  
   Необходима для обработки и хранения данных, но не является ключевой для анализа и визуализации.
   
4. **Frontend - разработка**  
   Оценка: 4  
   Важна для создания удобного интерфейса пользователя, но не критична для анализа данных.
   
5. **Тестировщик**  
   Оценка: 1  
   Не является приоритетной ролью для данного проекта, так как основная цель – анализ данных, а не тестирование готового продукта.
   
6. **devOps**  
   Оценка: 1  
   Также не является приоритетом, так как проект сосредоточен на анализе данных, а не на инфраструктуре."
4,Аналитика данных электронного расписания,"Создание системы управления рабочими местами в помещении с использованием метки-токена на смартфоне и определением ее местоположения в помещении, оборудованном системой внутренней навигации.","['Разработка системы, обеспечивающей взаимодействие с меткой-токеном на смартфоне', 'Создание алгоритмов определения местоположения метки-токена в помещении с использованием внутренней навигации.', 'Гарантия эффективной интеграции разработанной системы с существующими технологическими решениями ']",[],ВТБ,Блеканов И.С.,,Разработка веб-сервисов,"1. Data Science  
2. Разработчик Backend  
3. Разработчик Frontend  
4. Тестировщик  
5. DevOps","Для выполнения этого проекта разработчикам потребуется знание следующих инструментов:

1. **JavaScript** (для взаимодействия с мобильными устройствами)
2. **HTML/CSS** (для создания интерфейса пользователя)
3. **API для работы с Bluetooth (например, Bluepy)** (для связи со смартфоном)
4. **Алгоритмы локализации** (для определения местоположения метки в помещении)
5. **Системы навигации внутри помещений (Indoor Location Systems)** (например, iBeacon, WiFi-based location)
6. **Интеграция с существующими системами** (если требуется)
7. **Git** (для контроля версий кода)
8. **Docker** (при необходимости контейнеризации)
9. **CI/CD инструменты** (например, Jenkins, GitLab CI)

Этот список может изменяться в зависимости от конкретных технологий и архитектуры, которые будут выбраны для реализации проекта.","1. **Data Science** - 3  
2. **Дизайн UX / UI и проектирование интерфейсов** - 4  
3. **Backend - разработка** - 4  
4. **Frontend - разработка** - 4  
5. **Тестировщик** - 3  
6. **devOps** - 2"
5,Видеоархив СПбГУ,"Корпоративный (не публичный) видеоархив СПбГУ: каталогизация, тегирование, поиск, управление доступом. Предлагается найти и настроить (адаптировать) одно из существующих решений класса Video CMS","['Разработка системы каталогизации для организации видеофайлов по категориям, темам и другим параметрам', 'Возможность добавления тегов для более точного и удобного поиска видеоматериалов', 'Интеграция мощной системы поиска для быстрого и эффективного поиска видеоматериалов по различным критериям, включая название, автора, теги и т.д']",[],"СПбГУ, УСИТ",Блеканов И.С.,,1. Разработка веб-сервисов,"1. Data Science  
2. Backend - разработка  
3. Frontend - разработка  
4. DevOps  
5. Testing","Для выполнения задач данного проекта разработчикам потребуется следующий набор инструментов и технологий:

1. **Java** – для разработки системы каталогизации и интеграции с другими компонентами.
2. **CSS** – для стилизации интерфейса пользователя.
3. **NLP (Natural Language Processing)** – для работы с текстовыми данными и улучшения поиска по видеоматериалам.
4. **MySQL/PostgreSQL** – для хранения данных о видеофайлах и их метаданных.
5. **Apache Solr/Elasticsearch** – для реализации мощной системы поиска.
6. **RESTful API** – для взаимодействия между различными компонентами системы.
7. **JavaScript/React/Vue.js** – для создания фронтенда и пользовательского интерфейса.
8. **Docker** – для контейнеризации приложения и упрощения развертывания.
9. **Linux** – для настройки серверов и работы с системой.

Этот список может изменяться в зависимости от конкретных требований и выбранного решения для реализации проекта.","1. **Data Science**: 3  
   Оценка снижена из-за специфики задачи, требующей скорее структурирования данных и их обработки, чем глубокого анализа данных.
   
2. **Дизайн UX / UI и проектирование интерфейсов**: 4  
   Высокая важность этой роли обусловлена необходимостью создания удобного и интуитивно понятного интерфейса для пользователей видеоархива.

3. **Backend - разработка**: 5  
   Важность этой роли высока, так как требуется надежная и масштабируемая архитектура для управления видеоархивом.

4. **Frontend - разработка**: 4  
   Важность роли также высока, учитывая необходимость разработки удобного и функционального пользовательского интерфейса.

5. **Тестировщик**: 5  
   Необходимость тщательного тестирования всех компонентов системы перед запуском требует высокой квалификации данного специалиста.

6. **devOps**: 3  
   Меньшая оценка связана с тем, что проект не предполагает сложных инфраструктурных решений, но все же наличие этого специалиста важно для поддержания стабильности работы системы."
6,Инструмент для автоматизации разметки керна,"Разработать ПО  для детектирования особенностей и классификации слоев породы по 4 параметрам (тип породы, карбонатность, нефтенасыщенность, разрушенность) на фотографиях керна","['Разработка механизма для загрузки и обработки фотографий керна с выделением областей интереса (ROI)', 'Поддержка различных форматов изображений и возможность параллельной обработки нескольких фотографий', 'Использование методов компьютерного зрения и машинного обучения для определения ключевых признаков']",[],Газпром нефть,Блеканов И.С.,,3. Анализ изображений,"1. Data Science  
2. Backend - разработка  
3. Frontend - разработка  
4. DevOps  
5. Testing","python, opencv, scikit-image, tensorflow/keras, pandas","1. **Data Science** - 5  
   Оценка: Высокая важность. Для реализации проекта требуется специалист с глубокими знаниями в области машинного обучения и компьютерного зрения, что соответствует роли Data Science.
   
2. **Дизайн UX / UI и проектирование интерфейсов** - 2  
   Оценка: Низкая важность. В данном проекте основное внимание уделяется разработке алгоритмов и обработке данных, а не внешнему виду интерфейсов.

3. **Backend - разработка** - 3  
   Оценка: Средняя важность. Backend необходим для интеграции и поддержки работы приложения, но его разработка менее критична, чем у Data Science.

4. **Frontend - разработка** - 2  
   Оценка: Низкая важность. Как и в случае с UX/UI, фронтенд важен, но не настолько, как бэкенд или Data Science.

5. **Тестировщик** - 4  
   Оценка: Средняя важность. Тестирование важно для любого проекта, но оно не требует специализированных знаний в области анализа данных или машинного обучения.

6. **devOps** - 3  
   Оценка: Средняя важность. DevOps важен для развертывания и поддержки проекта, но он также менее критичен, чем Data Science."
7,Сайт ЦИТИК,"Простой сайт с информацией о центре, выполненных и предстоящих работах, с инструментами коммуникации.","['Разработка привлекательного и интуитивно понятного дизайна сайта, соответствующего целям и стилю центра', 'Создание легкой в навигации структуры сайта для удобства пользователей']",[],"СПбГУ, УУ",Блеканов И.С.,,1. Разработка веб-сервисов,"2. Дизайн UX / UI и проектирование интерфейсов  
3. Backend - разработка  
4. Frontend - разработка  
5. Тестировщик","html, css, js",2. Дизайн UX / UI и проектирование интерфейсов  5/5
8,Сбор и анализ логов Windows,"С использованием встроенных средств ОС Windows и свободного ПО с открытым исходным кодом реализовать сбор и анализ системных журналов Windows для оперативного их анализа. Примеры аналитических срезов: частота использования, популярные приложения, популярные ошибки, активные пользователи.","['Разработка программного модуля или скрипта для сбора системных журналов Windows', 'Использование встроенных средств ОС и/или свободного ПО с открытым исходным кодом для минимизации влияния на системные ресурсы', 'Настройка сбора журналов с учетом необходимости учета различных событий, таких как запуск приложений, возникновение ошибок, вход и выход пользователей и другие']",[],"СПбГУ, УСИТ",Блеканов И.С.,,1. Разработка веб-сервисов,"1. Data Science  
2. Backend - разработка  
3. DevOps  
4. Testing (тестирование)  
5. Design (UX/UI)","powershell, python, json, xml, csv, logparser, eventlog, sysinternals, osquery","1. **Data Science** - 3  
2. **Дизайн UX / UI и проектирование интерфейсов** - 2  
3. **Backend - разработка** - 4  
4. **Frontend - разработка** - 2  
5. **Тестировщик** - 3  
6. **devOps** - 2"
9,Система управления занятостью рабочих мест с использованием интернета вещей и токенов,"Задача состоит в создании системы управления рабочими местами в помещении с
использованием метки-токена на смартфоне и определением ее местоположения в
помещении, оборудованном системой внутренней навигации.","['Интеграция метки-токена с системой внутренней навигации для обеспечения точного и надежного определения местоположения в реальном времени', 'Совместимость с различными моделями смартфонов и операционными системами', 'Внедрение системы бронирования рабочих мест с возможностью предварительного заказа и отмены брони']",[],ВТБ,Блеканов И.С.,,1. Разработка веб-сервисов,"1. Data Science  
2. Backend - разработка  
3. Frontend - разработка  
4. DevOps  
5. Testing","Для выполнения этой задачи разработчикам потребуется знание следующих инструментов и технологий:

1. **API систем внутренней навигации** (например, indoorGML, iBeacon)
2. **Язык программирования** для создания мобильного приложения (например, Java, Kotlin для Android, Swift для iOS)
3. **Системы бронирования** (например, Booking.com API, Google Calendar API)
4. **Инструменты для работы с геолокацией** (например, Google Maps SDK, Core Location для iOS)
5. **База данных** для хранения информации о бронировании и местоположении (например, PostgreSQL, MongoDB)
6. **Веб-сервер** для развертывания серверной части приложения (например, Node.js, Django)
7. **Фреймворки для мобильных приложений** (например, React Native, Flutter)
8. **Система контроля версий** (например, Git)
9. **CI/CD инструменты** для автоматизации процесса деплоя (например, Jenkins, CircleCI)","1. **Data Science** - 3  
2. **Дизайн UX / UI и проектирование интерфейсов** - 4  
3. **Backend - разработка** - 4  
4. **Frontend - разработка** - 4  
5. **Тестировщик** - 3  
6. **devOps** - 2"
10,Разработка компьютерной игры,Разработка прототипа компьютерной игры с использованием современных инструментов в этой области,"['Формулирование основной идеи, сюжета, механик и целевой аудитории', 'Разработка дизайна уровней с учетом взаимодействия персонажей, окружения и целевых задач', 'Создание концепт-артов и дизайна персонажей, окружения и объектов']",[],CloverCreek Entertainment Ltd.,Блеканов И.С.,,Gamedev,"1. Data Science  
2. Дизайн UX / UI  
3. Backend - разработка  
4. Frontend - разработка  
5. Тестировщик","Для выполнения этого проекта разработчикам потребуется следующий набор hard-skills:

1. Языки программирования: C#, Python (возможно)
2. Движки и инструменты: Unity (основной инструмент), Unreal Engine 4/5
3. Системы контроля версий: Git
4. Знание основ геймдизайна и игровых механик
5. Опыт работы с графическими редакторами (Photoshop, Blender и др.)
6. Навыки работы с анимациями и моделями
7. Базовые знания по работе с физикой в играх (PhysX, Bullet Physics)
8. Опыт интеграции звуков и музыки
9. Умение работать с аналитическими инструментами для оценки производительности и оптимизации игр

Этот список может изменяться в зависимости от специфики проекта и требований заказчика.","1. **Data Science** - 3  
2. **Дизайн UX / UI и проектирование интерфейсов** - 5  
3. **Backend - разработка** - 3  
4. **Frontend - разработка** - 4  
5. **Тестировщик** - 3  
6. **devOps** - 2"
11,Детектирование и анализ зон покрытия сигналов спутников-ретрансляторов.,"Системы спутниковой радиосвязи давно обрели широкое распространение во всем мире. Простота подключения, охват огромных территорий на поверхности Земли и значительные скорости передачи способствуют постоянному увеличению числа абонентов. Знание регионов спутникового покрытия является важным аспектом для таких областей как проектирование комплексов связи, радиоконтроль, геолокация.

Целью проекта является накопление данных для создания карты покрытия спутникового радиовещания. В ходе работы потребуется выполнить поиск, разбор и сохранение информации об областях охвата ориентированных в пространстве лучей спутников-ретрансляторов, находящихся на геостационарной орбите.","['Технологии парсинга web-страниц, анализ изображений', 'понимание принципов тайловой графики']",[],СТЦ,Блеканов И.С.,,2. Анализ изображений и поисковые движки,"1. Data Science  
2. Backend - разработка  
3. DevOps  
4. Тестировщик  
5. Data Scientist","Для выполнения этой задачи разработчикам необходимы следующие навыки и инструменты:

1. **Python** (для парсинга веб-страниц)
2. **BeautifulSoup** (библиотека для парсинга HTML)
3. **Pillow** (библиотека для обработки изображений)
4. **GeoJSON** (формат хранения географической информации)
5. **Mapbox GL JS** (библиотека для отображения карт с использованием WebGL)
6. **Leaflet.js** (библиотека для интерактивного представления карт)
7. **OpenStreetMap API** (API для получения данных о географических объектах)
8. **GDAL/OGR** (инструменты для работы с геопространственными данными)
9. **PostgreSQL** (база данных для хранения пространственных данных)
10. **PostGIS** (расширение PostgreSQL для работы с географическими данными)","1. **Data Science**  
   Оценка: 5 (из-за необходимости анализа больших объемов данных и их визуализации)
   
2. **Дизайн UX / UI и проектирование интерфейсов**  
   Оценка: 2 (необходимость в дизайне минимальная, проект сосредоточен на технических аспектах)
   
3. **Backend - разработка**  
   Оценка: 4 (требуется серверная часть для хранения и обработки данных)
   
4. **Frontend - разработка**  
   Оценка: 2 (передний конец не играет ключевой роли, но может потребоваться для отображения результатов)
   
5. **Тестировщик**  
   Оценка: 3 (необходимо тестировать данные и результаты, но это не основная функция)
   
6. **devOps**  
   Оценка: 2 (нужно развертывание инфраструктуры, но не критично для успеха проекта)"
12,AllergyЯ,"Разработка сервиса, предназначенного для использования людям с аллергией, позволяющего получать информацию о перемещении, графике цветения аллергенов, концентрации пыльцы в воздухе и профилактике.","['Разработка функционала для отслеживания перемещения пользователя и предоставление информации о текущем регионе/городе', 'Возможность автоматического определения местоположения пользователя через GPS или ввода адреса']",[],Социологи,Блеканов И.С.,,1. Разработка веб-сервисов,"1. Data Science  
2. Backend - разработка  
3. Frontend - разработка  
4. DevOps  
5. Testing","Для выполнения этого проекта разработчики должны обладать следующими навыками и инструментами:

1. Знание языков программирования, таких как Python, Java, Swift (для мобильных приложений) или Kotlin (для Android).
2. Опыт работы с геоинформационными системами (GIS), например, Google Maps API, OpenStreetMap API.
3. Навыки работы с базами данных, такими как PostgreSQL, MySQL или MongoDB.
4. Опыт разработки веб-приложений с использованием фреймворков, таких как Django (Python), Spring (Java) или Flutter (кроссплатформенная разработка).
5. Умение работать с RESTful API для интеграции с внешними сервисами.
6. Знание технологий для обработки больших объемов данных, таких как Apache Spark или Hadoop.
7. Опыт работы с системами контроля версий, такими как Git.","1. **Data Science**  
   Оценка: 5  
   Данные задачи требуют глубокого анализа данных, прогнозирования тенденций и обработки больших объемов информации о растениях и погоде. Это ключевая роль для создания точных рекомендаций и персонализации сервиса.
   
2. **Дизайн UX / UI и проектирование интерфейсов**  
   Оценка: 4  
   Хотя дизайн интерфейсов не является критически важной задачей для самого функционала отслеживания, он играет значительную роль в удобстве использования приложения и его привлекательности для пользователей.

3. **Backend - разработка**  
   Оценка: 5  
   Для интеграции всех компонентов системы (отслеживание, анализ данных, рекомендации) необходима надежная серверная часть, которая будет обрабатывать запросы и предоставлять данные пользователям.

4. **Frontend - разработка**  
   Оценка: 4  
   Фронтенд-разработчики отвечают за визуализацию данных и взаимодействие с пользователем. Эта роль также важна, но ее можно считать менее критичной по сравнению с backend и data science.

5. **Тестировщик**  
   Оценка: 3  
   Тестирование важно для любого проекта, но оно не требует высокой квалификации и может быть выполнено на более поздних этапах разработки.

6. **devOps**  
   Оценка: 3  
   DevOps инженер отвечает за инфраструктуру и развертывание проекта, что также важно, но не так критично, как основные функции приложения."
13,Интеллектуальные технологии по градостроительству,"Оценка инвестиционного и социально-экономического потенциала развития территории. Концепция жилой и общественно-деловой застройки. Технико-экономические показатели проекта и экономическая модель. Инсоляция, квартирография, трассировка инженерных сетей с расчетными нагрузками. Параметрическая 3D-модель территории с текстурированной визуализацией.","['Знание Javascript/Typescript', 'Знание стандартов HTML/CSS', 'Знание фреймворков React/Angular/Vue', 'Знание инструментов сборки фронтенд-проектов']","['Разработать веб-ориентированное приложение для исследования и оптимизации градостроительных решений', 'Приложение должно позволять загружать и обрабатывать карту любой территории, представлять и визуализировать градостроительные решения']",Центр аналитики динамических процессов СПбГУ,С.Ю. Севрюков,А. Ю. Крылатов,Разработка веб-сервисов,"1. **Frontend Developer**  
   Требуется знание JavaScript/TypeScript, HTML/CSS и одного из популярных фреймворков (React, Angular, Vue) для разработки веб-ориентированного приложения.

2. **Backend Developer**  
   Знание языков программирования и технологий для разработки серверной части приложения, которая будет работать с картами и градостроительными данными.

3. **Data Scientist**  
   Учитывая анализ данных и оценку инвестиционного потенциала, необходимы специалисты по Data Science для обработки и анализа информации.

4. **DevOps Engineer**  
   Для обеспечения работы приложения и его интеграции с инфраструктурой требуется специалист по DevOps, который будет заниматься настройкой CI/CD процессов и развертыванием приложения.

5. **QA Engineer**  
   Тестировщик для проверки корректности работы приложения и соответствия его функционала требованиям заказчика.","JavaScript, TypeScript, HTML, CSS, React, Angular, Vue, Webpack, Babel","1. **Data Science**  
   Оценка: 3  
   Данные задачи требуют анализа данных и машинного обучения, что является важной частью проекта, но не основной.
   
2. **Дизайн UX / UI и проектирование интерфейсов**  
   Оценка: 4  
   Это ключевая роль для создания удобного и привлекательного интерфейса приложения.
   
3. **Backend - разработка**  
   Оценка: 3  
   Важна для обработки данных и работы серверной части приложения, но менее критична, чем фронтенд.
   
4. **Frontend - разработка**  
   Оценка: 5  
   Фронтенд разработчики необходимы для реализации веб-приложения согласно требованиям.
   
5. **Тестировщик**  
   Оценка: 2  
   Менее значимая роль на начальном этапе разработки, но может стать более важной при тестировании готового продукта.
   
6. **devOps**  
   Оценка: 2  
   Не является критически важной ролью на ранних этапах разработки, так как основное внимание уделяется разработке функционала."
14,Интеллектуальное возвращение БпЛА в точку старта при отсутствии ГНСС и связи со станцией управления,"Проект посвящён управлению БпЛА, оснащённого камерой. Но
действующего в отсутствии сигнала ГНСС или иного активного
источника сигнала (радиомаяка). Целью является предоставление
возможности БпЛА автоматически совершить возврат в определённую
точку (точку старта) в случае потери сигнала ГНСС. Таким образом,
предполагается, что БпЛА сначала осуществлял полет с
использованием данных ГНСС, а замет потерял этот сигнал, оказался в
ситуации, в которой выполнение полётного задания оказалось
невозможным, и теперь требуется БпЛА вернуть на место старта или в
место, где сигнал ГНСС снова присутствует. При этом возможно
использование спутниковой геоподложки земного шара в качестве
основы представления о местности, в которой осуществляется полёт.","['Язык программирования: C++', 'Программирование embedded системы', 'Знание основ компьютерного зрения', 'Знание алгоритмов машинного обучения (глубокого машинного обучения)', 'Наличие навыков работы с семейством плат RockChip, в частности создание коды под вычислитель NPU (neural process unit)', 'Наличие навыков программирования GPU (семейство Mali) с применением технологии openCL', 'Знание способов оптимизации кода под архитектуру ARM64 (использование технологии ARM NEON)']",[],Гескан,Блеканов И.С.,,6. Робототехника,"1. **Data Science**  
   Для анализа данных и разработки моделей машинного обучения, которые будут использоваться для автономного управления БПЛА.
   
2. **Backend - разработка**  
   Для создания серверной части, которая будет обрабатывать данные от БПЛА и обеспечивать их передачу на устройство.

3. **Frontend - разработка**  
   Для создания пользовательского интерфейса, через который оператор сможет контролировать БПЛА и получать информацию о его состоянии.

4. **DevOps**  
   Для настройки и поддержки инфраструктуры, необходимой для работы приложения, включая настройку CI/CD процессов и управление версиями.

5. **Embedded Developer**  
   Для работы с низкоуровневым программированием встроенных систем, используемых в БПЛА, включая работу с процессорами и датчиками.","Для выполнения этого проекта разработчики должны обладать следующими навыками и знаниями:

1. **C++** – основной язык программирования для управления БПЛА.
2. **Embedded системы** – разработка программного обеспечения для встроенных систем.
3. **Компьютерное зрение** – для обработки изображений и видео с камеры БПЛА.
4. **Машинное обучение** – для анализа данных и принятия решений на основе информации, полученной от сенсоров.
5. **NPU (Neural Process Unit)** – навыки программирования специализированных процессоров для задач глубокого обучения.
6. **GPU (графический процессор)** – опыт программирования с использованием технологий открытого стандарта OpenCL.
7. **ARM64** – оптимизация кода под архитектуру ARM64, включая использование технологии ARM NEON для ускорения операций.
8. **Семейство плат RockChip** – знание и опыт работы с конкретными аппаратными платформами.
9. **Технология ARM NEON** – использование этой технологии для повышения производительности на устройствах с архитектурой ARM.","1. **Data Science**  
   Оценка: 5  
   Данная роль важна, так как проект предполагает использование методов машинного обучения для управления БПЛА в условиях отсутствия сигнала ГНСС. Это требует специалиста с глубокими знаниями в области Data Science и ML.

2. **Дизайн UX / UI и проектирование интерфейсов**  
   Оценка: 3  
   Хотя дизайн интерфейса важен для удобства использования, данный проект больше сосредоточен на технической стороне разработки, поэтому эта роль менее критична.

3. **Backend - разработка**  
   Оценка: 2  
   Эта роль не сильно значима для данного проекта, который фокусируется на разработке фронтенд- и бэкенд-компонентов, связанных с управлением БПЛА.

4. **Frontend - разработка**  
   Оценка: 4  
   Разработка фронтенда важна для создания пользовательского интерфейса, но она не является критически необходимой для основной задачи проекта – управления БПЛА.

5. **Тестировщик**  
   Оценка: 3  
   Тестирование важно для любого проекта, но его роль может быть менее приоритетной, если основная цель – это техническая реализация системы управления БПЛА.

6. **devOps**  
   Оценка: 2  
   DevOps-инженер отвечает за инфраструктуру и автоматизацию процессов, что также важно, но не первостепенно для решения текущей задачи проекта."
15,Модуль отладки динамического поведения графических объектов виртуальной реальности,"""Имеется набор графических 3х-мерных объектов с частично реализованным динамическим поведением. Пример графического объекта - щит управления некоторым технологическим оборудованием. На щите управления расположены сигнализаторы и органы управления (лампы, кнопки и ключи). Динамическое поведение - изменение графических атрибутов объекта  во времени, а также реакция на действия пользователя. Графические объекты могли бы быть разработаны, к примеру, для использования в составе тренажера сложного технического объекта в виртуальной реальности. Моделируемый щит управления позволяет наблюдать за состоянием сигнализаторов и передавать состояние органов управления путем соответственно чтения и записи набора динамических моделируемых переменных. Т.е. каждый графический подобъект (лампа, кнопка и др.) в соответствии с собственным типом и идентификатором оборудования ассоциируется с переменной с известным именем. Штатный режим функционирования графических объектов в составе тренажера предполагает, что поставщиком данных, т.е. местом определения переменных, служит некоторая расчетная задача. ",[],[],Росатом,Блеканов И.С.,,6. Робототехника,"1. Data Science  
2. Backend - разработка  
3. Frontend - разработка  
4. Тестировщик  
5. DevOps","python, blender, opencv, vtk, unity","1. **Data Science**  
   Оценка: 3  
   Данные роли важны для анализа и обработки данных, которые могут использоваться для настройки и улучшения работы системы. Однако в данном проекте основной акцент сделан на разработке графики и взаимодействии с пользователем, поэтому роль Data Science не является критически важной.

2. **Дизайн UX / UI и проектирование интерфейсов**  
   Оценка: 5  
   Эта роль играет ключевую роль в проекте, так как она отвечает за удобство взаимодействия пользователей с системой. В данном случае важно создать интуитивно понятный интерфейс для работы с 3D-объектами.

3. **Backend - разработка**  
   Оценка: 3  
   Backend разработчики необходимы для реализации логики работы с данными и переменными, но их роль менее критична, чем у разработчиков фронтенда и дизайнеров.

4. **Frontend - разработка**  
   Оценка: 5  
   Разработчики фронтенда играют важную роль, поскольку они отвечают за визуализацию и взаимодействие с пользователями через пользовательский интерфейс.

5. **Тестировщик**  
   Оценка: 4  
   Тестирование важно для любого проекта, но его роль может быть менее критичной на ранних этапах разработки, когда основное внимание уделяется созданию функциональности.

6. **devOps**  
   Оценка: 3  
   DevOps инженеры важны для обеспечения стабильности и масштабируемости системы, но их роль в этом конкретном проекте может быть менее значимой, если основная цель — создание прототипа."
16,Автоматическая цветовая коррекция,"""Автоматическая цветовая коррекция необходима для улучшения визуального качества изображений путем оптимизации их цветового баланса. В процессе создания и обработки изображений могут возникать различные недочеты в цветопередаче, такие как неправильный баланс белого или оттенок. Это может происходить из-за неправильной экспозиции, освещения или настроек камеры.

Автоматическая цветовая коррекция позволяет исправить эти недочеты, делая цвета более точными и естественными. Это способствует улучшению восприятия и визуальной привлекательности изображений.
 
Автоматизация процесса цветовой коррекции также позволяет сэкономить время и усилия, особенно при работе с большим объемом изображений. 

Проект представляет собой разработку алгоритма автоматической коррекции цвета изображения, который может использоваться для улучшения качества фотографий, полученных с фотокамеры или других источников изображений. Алгоритм должен способствовать автоматическому исправлению цветового баланса, насыщенности и других параметров цвета с целью достижения более точного и приятного визуального восприятия изображений.""","['Понимание технологий WebGL, JavaScript, CanvasAPI', 'Знание основных принципов цветовой коррекции и фильтрации изображений', 'Понимание принципов работы с изображениями в форматах JPEG, PNG и других распространённых форматах']",[],СТЦ,Блеканов И.С.,,3. Анализ изображений,"1. **Data Science**  
2. **Backend - разработка**  
3. **Frontend - разработка**  
4. **Тестировщик**  
5. **DevOps**","Для выполнения этого проекта разработчикам потребуется следующий набор hard-skills:

1. Знание основ работы с изображениями в форматах JPEG, PNG и других распространенных форматах (например, TIFF, BMP).
2. Понимание принципов работы с изображениями в формате WebP.
3. Навыки использования библиотек для работы с изображениями, таких как OpenCV, ImageMagick или другие библиотеки для обработки изображений.
4. Опыт реализации алгоритмов цветовой коррекции, включая базовые знания о цветовых моделях RGB, HSL, CMYK.
5. Умение работать с инструментами для анализа и корректировки цветового баланса изображений.
6. Понимание основ работы с WebGL, JavaScript и Canvas API для интеграции алгоритма в веб-приложение.","1. **Data Science** - 5  
   Оценка: Высокая. Данная роль важна для анализа данных изображений и настройки алгоритмов машинного обучения, необходимых для автоматической цветовой коррекции.
   
2. **Дизайн UX / UI и проектирование интерфейсов** - 2  
   Оценка: Низкая. Хотя дизайн интерфейсов важен для удобства пользователей, проект сосредоточен на разработке алгоритма, а не на пользовательском опыте.
   
3. **Backend - разработка** - 3  
   Оценка: Средняя. Эта роль важна для реализации серверной части приложения, но основной акцент сделан на фронтенд и обработку изображений.
   
4. **Frontend - разработка** - 4  
   Оценка: Высокая. Фронтенд разработка играет ключевую роль в создании пользовательского интерфейса и отображении результатов цветовой коррекции.
   
5. **Тестировщик** - 3  
   Оценка: Средняя. Тестирование важно для обеспечения качества продукта, но его можно рассматривать как вспомогательную роль.
   
6. **devOps** - 2  
   Оценка: Низкая. DevOps важен для автоматизации процессов развертывания и управления инфраструктурой, но это менее критично для разработки самого алгоритма."
17,Алгоритм Retinex,"""Целью данного проекта является разработка и реализация алгоритма улучшения изображения Retinex с использованием WebGL, который будет функционировать в браузере. Алгоритм Retinex является одним из наиболее эффективных методов для улучшения качества изображения, а использование WebGL позволит эффективно использовать графическое аппаратное ускорение браузера для быстрой обработки изображений.

Алгоритм Retinex основан на теории восприятия цвета человеческим глазом. Он позволяет улучшить качество изображения, компенсируя неконтролируемые факторы такие как освещение и отражения, которые могут исказить цвета и контрастность изображения. Алгоритм основан на предположении, что яркость сцены воспринимается сенсорами сетчатки глаза в логарифмическом масштабе, что позволяет более точно воспроизвести оттенки и контрастность.

Реализация алгоритма Retinex с использованием WebGL позволяет производить параллельные вычисления на графическом процессоре, что повышает производительность и позволяет обрабатывать изображения в реальном времени.

В рамках разработки проекта должны быть учтены требования к оптимизации производительности, чтобы обеспечить быстрое и плавное выполнение алгоритма Retinex на графическом процессоре. Кроме того, предусмотрены настройки параметров алгоритма, такие как уровень контраста и яркости изображения, чтобы пользователи могли легко настраивать результаты обработки под свои потребности.

Все вышеописанные задачи и требования будут выполняться с использованием языка JavaScript, HTML5 и WebGL. Проект будет реализован с использованием современных инструментов разработки и методологий, чтобы обеспечить высокое качество кода и удобство его поддержки.""","['Понимание принципов работы с WebGL, JavaScript, HTML5', 'Основные знания по цифровой обработке изображений']",[],СТЦ,Блеканов И.С.,,1. Разработка веб-сервисов,"1. **Data Science**  
2. **Backend - разработка**  
3. **Frontend - разработка**  
4. **Тестировщик**  
5. **DevOps**","Для реализации этого проекта разработчикам необходимы следующие hard-skills:

1. Знание JavaScript
2. Знание HTML5
3. Опыт работы с WebGL
4. Основы цифровой обработки изображений","1. **Data Science** - 3  
   Оценка снижена, так как хотя Data Science важна для понимания теории Retinex, основная работа связана с реализацией алгоритма на WebGL, где ключевую роль играют разработчики frontend и backend.
   
2. **Дизайн UX / UI и проектирование интерфейсов** - 2  
   Эта роль менее значима, поскольку проект фокусируется на технической реализации алгоритма, а не на дизайне интерфейса.

3. **Backend - разработка** - 3  
   Backend не играет большой роли в проекте, так как он сосредоточен на клиентской части (frontend) и обработке данных в браузере.

4. **Frontend - разработка** - 5  
   Разработчики frontend критически важны, так как они реализуют пользовательский интерфейс и непосредственно работают с WebGL и алгоритмом Retinex.

5. **Тестировщик** - 4  
   Тестирование важно, но не настолько критично, как разработка, так как основной акцент сделан на техническую реализацию.

6. **devOps** - 2  
   DevOps не требуется для выполнения задач проекта, так как это чисто клиентская разработка без необходимости развертывания серверной инфраструктуры."
18,Рекомендательная система в сфере ценообразования,"Для повышения продаж на e-commerce площадках требуется назначение оптимальной цены на каждый товар. При этом в зависимости от различных внешних факторов, спрос и предложение на различные группы товаров, а также конкретные наименования могут сильно варьироваться. Управление ценой является одним из основных инструментов, позволяющих влиять на продажи.","['Базовые знания SQL и подходов ML', 'Умение искать и обрабатывать информацию', 'Знания в анализе данных', 'Хорошее знание одного из ЯП']","['Провести исследование существующих алгоритмов выявления оптимальной цены применительно к одной из площадок. Оценить их применимость для e-commerce.', 'Провести анализ применимости нейросетевых подходов для формирования оптимальной цены.', 'Реализовать выбранные (или предложенные) алгоритмический и нейросетевой подход на любом из ЯП.', 'Оценить применимость и качество работы реализованных методов в ретроспективе на предоставленных выборках с площадки.']","Компания ""BitArtX""",И.С. Блеканов,Алексей Максимов,5. Анализ табличных данных,"1. Data Science  
2. Backend - разработка  
3. Frontend - разработка  
4. Тестировщик  
5. DevOps","SQL, Python, машинное обучение, анализ данных","1. **Data Science**  
   Оценка: 5  
   Данная роль критически важна для проекта, так как именно специалисты по Data Science будут проводить исследования, разрабатывать модели и анализировать результаты. Это ключевая компетенция для достижения целей проекта.

2. **Дизайн UX / UI и проектирование интерфейсов**  
   Оценка: 3  
   Эта роль менее критична для данного проекта, поскольку основной акцент делается на исследовании и разработке алгоритмов. Однако качественный дизайн может улучшить пользовательский опыт и повысить продажи, поэтому его значение нельзя полностью игнорировать.

3. **Backend - разработка**  
   Оценка: 4  
   Разработчики бэкэнда необходимы для реализации выбранного алгоритма и интеграции его с платформой. Они играют важную роль, но не являются первоочередными для успеха проекта.

4. **Frontend - разработка**  
   Оценка: 4  
   Как и в случае с дизайнерами UX/UI, фронтенд разработчики важны, но их вклад можно считать второстепенным, так как основная часть усилий направлена на разработку алгоритмов и моделей.

5. **Тестировщик**  
   Оценка: 3  
   Тестирование важно для любого проекта, но оно не требует глубоких знаний в области машинного обучения или анализа данных. Его значимость ниже, чем у разработчиков и специалистов по Data Science.

6. **devOps**  
   Оценка: 2  
   DevOps инженер играет вспомогательную роль в проекте, обеспечивая инфраструктуру и поддержку разработки. Его вклад не является критическим для достижения целей проекта."
19,Реестр проектов клинической практики СПбГУ,"Многомодульная ИС для регистрации, отслеживания статуса и деталей проектов, проводимых студентами в рамках клинической практик СПбГУ (см. https://spbu.ru/studentam/praktika/praktika-po-modeli-kliniki-v-spbgu). Имеет публичную часть для обзора истории о выполненных проектах, закрытую часть для ограниченного доступа администраторам (руководителей и сотрудников клиник), средства для сбора статистики из проектных окружений и её визуализации.","['Сбор и структурирование требований от представителей функционального заказчика', 'Проектирование и прототипирование ИС и её модулей', 'Составление матрицы прав и ролей', 'Проектирование БД, реализация слоя доступа к данным', 'Дизайн и разработка UI', 'Разработка сервисов интеграции для получения данных об активности в репозиториях команд (GitHub)', 'Разработка средств управления доступом']",[],Первый проректор по учебной работе,Блеканов И.С.,,1. Разработка веб-сервисов,"1. Data Science  
2. Backend - разработка  
3. Frontend - разработка  
4. DevOps  
5. Тестировщик","Для выполнения задач по данному проекту разработчикам потребуется следующий набор hard-skills:

1. **Java** – основной язык программирования для реализации многомодульной системы.
2. **CSS** – для стилизации интерфейса.
3. **NLP (Natural Language Processing)** – может потребоваться для анализа текстовых данных, например, при работе с комментариями пользователей.
4. **SQL** – для работы с базой данных.
5. **Git** – для контроля версий кода и взаимодействия между членами команды.
6. **Docker** – для контейнеризации приложений.
7. **Spring Framework** – для создания серверной части приложения.
8. **React** – для фронтенд разработки.
9. **Node.js** – если требуется работа с бэкендом и API.
10. **JUnit** – для тестирования.
11. **PostgreSQL** – для хранения данных.
12. **Maven** – для сборки проекта.
13. **Swagger** – для документирования API.
14. **OAuth2** – для управления авторизацией и аутентификацией.
15. **Linux** – для настройки сервера и работы с командной строкой.

Этот список может изменяться в зависимости от конкретных требований и технологий, используемых в проекте.","1. **Data Science** - 2  
   Оценка: 2 балла.  
   Хотя проект связан с обработкой данных, объем работы для специалиста по Data Science невелик. Основные задачи касаются сбора и анализа данных, а не сложных моделей машинного обучения.
   
2. **UX/UI дизайнер** - 5  
   Оценка: 5 баллов.  
   Важность этой роли высока, так как проект включает разработку удобного и интуитивно понятного интерфейса для пользователей. Это ключевой элемент взаимодействия с системой.

3. **Backend-разработчик** - 4  
   Оценка: 4 балла.  
   Эта роль важна, но ее значимость ниже, чем у UX/UI дизайнера. Основная работа связана с разработкой серверной части системы, что требует глубоких знаний в области программирования, но не предполагает создания уникального пользовательского опыта.

4. **Frontend-разработчик** - 4  
   Оценка: 4 балла.  
   Как и в случае с backend-разработчиком, эта роль важна, но менее критична, чем UX/UI дизайнер. Frontend-разработчик отвечает за создание клиентской части приложения, которая должна быть адаптивной и удобной для пользователя.

5. **Тестировщик** - 3  
   Оценка: 3 балла.  
   Тестировщик играет важную роль, но его вклад может быть частично компенсирован автоматизированными тестами. Тем не менее, тестирование является неотъемлемой частью разработки качественного ПО.

6. **DevOps** - 3  
   Оценка: 3 балла.  
   DevOps-инженер также играет важную роль, особенно учитывая необходимость настройки CI/CD процессов и развертывания системы. Однако его вклад не столь критичен, как у других разработчиков."
20,Создание полевого робота для агроскаутинга,"Для проведения научно-исследовательских экспериментальных работ, а также для решения определенного круга задач точного земледелия необходимо создать полевого робота. Основные задачи робота - это дистанционный сбор и передача в ГИС-приложение агроэкологических геоданных. Сбор данных предполагается осуществлять с помощью почвенного датчика, а также оптических сенсоров.
","['Навыки моделирования', 'Умение работы с датчиками (Sensor soil, 2D Lidar, RGBD camera, GPS)', 'Базовые занания программирования на C++', 'Знание работы передачи данных (LORA)', 'Знание базовых основ работы в Linux и ROS (Robot Operating System)', 'Умение искать и обрабатывать информацию']","['Разработать пайплайн реализации робота в задаче агроскаутинга', 'Смоделировать архитектуру робота со всеми его элементами (база, корпус, комплектующие и т.п.), рассчитать основные теоретические параметры механики (нагрузки, мощность двигателя и т.п.)', 'Создать интерфейс для загрузки задания роботу и контролем его выполнения в реальном времени', 'Протестировать прототип на работоспособность', 'Продумать дальнейшее развитие робота', 'Описать подробное руководство пользование роботом', 'Сделать прототипа программного управления агроскаутером', 'Модернизировать данный робототехнический комплекс', 'Строить маршруты следования робота']",Кафедра технологии программирования СПбГУ,И.С. Блеканов,Е.П. Митрофанов,Робототехника,"1. Data Science  
2. Backend - разработка  
3. Frontend - разработка  
4. DevOps  
5. Testing","Для решения данной задачи разработчикам необходимы следующие навыки и инструменты:

1. **C++** – для программирования робота.
2. **Linux** – для работы с операционной системой робота.
3. **ROS (Robot Operating System)** – для управления роботом.
4. **Sensor soil** – для работы с почвенными датчиками.
5. **2D Lidar** – для сканирования окружающей среды.
6. **RGBD camera** – для получения изображений и видео.
7. **GPS** – для определения местоположения робота.
8. **Передача данных (LORA)** – для отправки и получения данных между роботом и ГИС-приложением.","Вот как я бы оценил важность каждой роли для данного проекта:

1. **Data Science**  
   Оценка: 4  
   Роль важна, так как требуется обработка большого объема данных, полученных с датчиков, для анализа почвы и окружающей среды.

2. **Дизайн UX / UI и проектирование интерфейсов**  
   Оценка: 3  
   Хотя интерфейсы важны для взаимодействия пользователя с роботом, проект больше ориентирован на техническую реализацию, чем на дизайн.

3. **Backend - разработка**  
   Оценка: 4  
   Необходима надежная серверная часть для обработки и хранения данных, что делает эту роль значимой.

4. **Frontend - разработка**  
   Оценка: 2  
   Важность этой роли ниже, поскольку основной акцент делается на технической стороне разработки, а не на пользовательском интерфейсе.

5. **Тестировщик**  
   Оценка: 4  
   Тестирование важно для обеспечения корректной работы всех компонентов системы, особенно учитывая сложность робота и его взаимодействие с окружающей средой.

6. **devOps**  
   Оценка: 3  
   Эта роль важна для обеспечения эффективной работы инфраструктуры и автоматизации процессов, но не является критически необходимой для самого процесса разработки."
21,Разработка прототипа игры,"Создать прототип, на тему одного из предложенных вариантов: 
1. В основе системы сложности лежит анализ результатов последней игровой сессии игрока. 
2. В основе игрового процесса лежит манипуляции со временем.
3. В основе игрового процесса лежит взаимодействие игрока с законами физики (например гравитацией).
4. В основе игрового процесса лежит взаимодействие игрока с музыкой (музыкальным треком).

Жанр, дизайн и дизайн игрового процесса на усмотрение разработчика.
","['Навыки работы с Unreal Engine 4', 'Язык программирования C++']","['Можно проиграть (относительно стабильная сборка, которую можно запустить и оценить)', 'Два запуска игры не приводят к идентичному результату (действия игрока меняют мир игры и статус игрока)', 'Есть сложность/задача. Игра бросает “чалендж” и опытный игрок играет лучше, чем новичок', 'Ведение соответcвующей документации к проекту (концепт док, roadmap)', 'Игра разрабатывается на платформе Unreal Engine 4,5, VK, Unity']",CloverСreek Entertainment Ltd.,И.С. Блеканов,Павел Базаров,Gamedev,"1. **Data Science**  
2. **Backend - разработка**  
3. **Frontend - разработка**  
4. **Тестировщик**  
5. **DevOps**","Для реализации данного проекта на Unreal Engine 4 или Unity, разработчикам потребуются следующие навыки и инструменты:

1. **Unreal Engine 4** или **Unity** – движок для создания игр.
2. **C++** – язык программирования для работы с движками.
3. **Blueprints** (в Unreal Engine) – визуальная скриптовая система для быстрого прототипирования без написания кода.
4. **Visual Studio** или другой IDE для C++.
5. **Git** или другая система контроля версий.
6. **Perforce** или другие системы управления проектами.
7. **Photoshop** или другой инструмент для графического дизайна.
8. **Substance Painter** или другой инструмент для текстурирования.
9. **Maya** или другой инструмент для моделирования.
10. **PhysX** или другой физический движок для взаимодействия с физикой.
11. **FMOD** или другой звуковой движок для интеграции музыки.
12. **Jira** или другой инструмент для ведения задач и отслеживания прогресса.

Этот список может изменяться в зависимости от конкретных требований проекта и предпочтений команды разработчиков.","Вот как я бы оценил важность каждой роли для данного проекта:

1. **Data Science**  
   Оценка: 3  
   Данные роли важны для анализа данных игровой сессии и создания алгоритмов, которые могут улучшить игровой процесс. Однако проект предполагает создание прототипа, а не полноценной игры, что снижает необходимость глубокого анализа данных.

2. **Дизайн UX / UI и проектирование интерфейсов**  
   Оценка: 4  
   Эта роль важна для любого игрового проекта, так как интерфейс и пользовательский опыт напрямую влияют на восприятие игры. В данном случае, учитывая гибкость жанра и дизайна, эта роль может играть ключевую роль.

3. **Backend - разработка**  
   Оценка: 2  
   Для прототипа backend обычно не требуется, особенно если игра будет небольшой и клиентской. Однако, если планируется интеграция серверной части, то эта роль становится более значимой.

4. **Frontend - разработка**  
   Оценка: 4  
   Как и в случае с дизайном интерфейса, фронтенд-разработка важна для создания интерактивного и привлекательного игрового опыта.

5. **Тестировщик**  
   Оценка: 3  
   Хотя тестирование важно для любой разработки, в контексте создания прототипа его значение несколько ниже, поскольку основная цель – проверить концепцию и собрать обратную связь.

6. **devOps**  
   Оценка: 2  
   На этапе прототипирования devOps не является критически важным, так как основной акцент делается на разработке и тестировании.

Таким образом, наиболее важные роли для этого проекта – это дизайнер интерфейсов и программист (backend и frontend), а также тестировщик."
22,Программный симулятор исполнения заявок на биржевых площадках,"В современном мире неотъемлемой частью существующих экономических механизмов является торговля на централизованных площадках (брокеры, биржах, ECN и т.п.). Там по публично определённым правилам осуществляются операции купли-продажи различных активов между участниками рынка. В отличие от торгов на таких площадках несколько веков назад, когда провести сделки могли только люди и только очно, сегодня львиная доля сделок осуществляется удаленно и автоматизированными торговыми системами, принадлежащими т.н. трейдерам - частным компаниям, подразделениям банков, инвестиционным фондам и т.п.
Данный проект посвящён разработке симулятора исполнения заявок различных типов на стандартной биржевой площадке и валидации его алгоритмической модели, которую в наши дни имеет каждый приличный трейдер.
","['Хорошее знакомство методами численного моделирования (методы интерполяции и аппроксимации функций многих переменных, методы условной и безусловной оптимизации, методы решения ОДУ, метод Монте-Карло)', 'Высокий уровень владения Python 3.11+, С/С++ (большим плюсом будет знание Rust)', 'Знакомство с GSL, библиотеками вычислительной алгебры (BLAS, LAPACK)', 'Знакомство с методами статистического обучения']","['Изучить инструментальные принципы биржевой торговли в контексте двойного непрерывного аукциона', 'Ознакомиться с основными математическими моделями описания динамики ордербука и выбрать алгоритмическую основу симулятора matching-ядра', 'Описать и верифицировать конечный автомат состояний симулятора', 'Имплементировать функциональность симулятора и её комплексное тестирование']",Центр аналитики динамических процессов СПбГУ,И.С. Блеканов,Павел Коротков,4. Анализ временных рядов,"1. **Data Science**  
   Требования включают изучение математических моделей и их имплементацию, что требует глубоких знаний в области анализа данных и машинного обучения.
   
2. **Backend Developer**  
   Проект связан с разработкой функционала симулятора, что подразумевает работу с серверной логикой и обработкой данных, что входит в задачи backend-разработчиков.

3. **Frontend Developer**  
   Хотя основной акцент делается на бэкенд, создание удобного пользовательского интерфейса также важно для демонстрации результатов работы симулятора.

4. **Tester**  
   Комплексное тестирование функционала требует участия тестировщика, который обеспечит качество продукта.

5. **DevOps Engineer**  
   Для развертывания и поддержки инфраструктуры может понадобиться специалист по DevOps, чтобы обеспечить стабильную работу системы.","python, c++, rust, gsl, blas, lapack, numpy, scipy","Вот как я бы оценил важность каждой роли для данного проекта:

1. **Data Science**  
   Оценка: 5  
   Данные задачи требуют глубокого анализа данных, построения моделей и их валидации, что является ключевым аспектом проекта.

2. **Дизайн UX / UI и проектирование интерфейсов**  
   Оценка: 2  
   Хотя дизайн интерфейса важен, он не является критически необходимым для реализации основной функции симулятора – выполнения торговых операций и их валидации.

3. **Backend - разработка**  
   Оценка: 4  
   Разработка backend-части системы важна для интеграции всех компонентов и обеспечения работы симулятора, но она менее критична, чем Data Science.

4. **Frontend - разработка**  
   Оценка: 3  
   Frontend также важен, но его реализация может быть упрощена за счет использования готовых решений для визуализации данных.

5. **Тестировщик**  
   Оценка: 4  
   Тестирование необходимо для обеспечения качества продукта, но оно не требует столь высокой квалификации, как другие роли.

6. **devOps**  
   Оценка: 2  
   DevOps важен для развертывания и поддержки инфраструктуры, но это не основная часть проекта, связанная с анализом и разработкой."
23,Геоинформационная система для точного земледелия,"Для реализации цифрового двойника в умном растениеводстве необходим единый веб-сервис, позволяющий систематизировать агроэкологические геоданные, обеспечивать к ним удобный доступ для пользователей, а также обрабатывать геоданные для решения определенного круга задач точного земледелия.","['Java 17+; Spring boot 3.*; Jpa, jooq, jdbc; Liquibase.', 'Python 3.11, Fastapi, SqlAlchemy v2, Alembik', 'Желательно знание имеющегося стека (но возможно использование любых языков и технологий)', 'Понимание асинхронного программирования', 'Postgresql+Postgis, Docker']","['На уровне бд и сервиса внедрить поддержку подполей (поле должно быть представленно мазайкой из подполей, заменить все последовательности на uuid)', 'Создать удобный и интуитивно понятный интерфейса для Агронома. В зависимости от данных необходимо предусмотреть их визуализацию в виде таблицы, графика, изображения и т.д. Стартовая страница должна отображать интерактивную карту полей', 'Предусмотреть возможность объединения близлежащих полей в группы, чтобы снизить запросы метео данных. Добавить возможность хранения информации о культурах в формате PDF', 'Настроить nginx на сервере, чтобы он не блокировал доступ к сваггерам извне', 'Продумать идею с использованием единой субд на все сервисы (у каждого сервиса своя схема, взвесить минусы и плюсы). Если плюсов единой субд больше, сделать админку поверх этой бд', 'Автоматизировать передачу данных с метеосайтов, а также сенсоров при их наличии. Нужно выяснить конкретику. Что за данные, к чему они привязаны на уровне сущностей бд', 'Написать сервис, который берёт информацию с биржи о стоимости культур. Нужно выяснить за какой срок предоставлять стоимость, или нужна только текущая стоимость', 'Обеспечить удобный сваггер и обеспечить полноценные sql миграции']",Кафедра технологии программирования СПбГУ,И.С. Блеканов,Е.П. Митрофанов,Разработка веб-сервисов,"1. **Data Science**  
2. **Backend - разработка**  
3. **Frontend - разработка**  
4. **DevOps**  
5. **Tester**","Java 17+, Spring boot 3.*, Jpa, jooq, jdbc, Liquibase, Python 3.11, Fastapi, SqlAlchemy v2, Alembik, PostgreSQL+PostGIS, Docker","1. **Data Science**  
   Оценка: 3  
   Данная роль важна для обработки геоданных и создания моделей машинного обучения для оптимизации процессов в проекте. Однако проект может обойтись без глубокого анализа данных, если будет достаточно стандартных решений.
   
2. **Дизайн UX / UI и проектирование интерфейсов**  
   Оценка: 5  
   Эта роль критически важна для создания удобного и интуитивно понятного интерфейса для агрономов, что является ключевым аспектом проекта.

3. **Backend - разработка**  
   Оценка: 4  
   Разработка backend-сервисов и интеграция с базой данных являются основой проекта, но без них можно обойтись, если использовать готовые решения.

4. **Frontend - разработка**  
   Оценка: 5  
   Создание фронтенда важно для взаимодействия пользователя с системой, поэтому данная роль имеет высокую значимость.

5. **Тестировщик**  
   Оценка: 3  
   Тестирование важно для любого проекта, однако его отсутствие не остановит разработку, если есть уверенность в качестве кода.

6. **devOps**  
   Оценка: 3  
   Автоматизация развертывания и настройки инфраструктуры важна, но ее отсутствие можно компенсировать ручным управлением процессами."
24,Разработка инструментов ГИС для построения цифрового двойника речной сети,"Предполагается создание ГИС инструментов построения границ естественной экосистемы, на которой она уже способна поддерживать необходимую полноводность и равномерность речного потока - Экосистемного Каркаса (ЭК) речной сети. 
Эти инструменты позволят определить, какие функции естественной экосистемы водосбора рек необходимо восстановить на урбанизированных участках ЭК для достижения необходимой полноводности и равномерности водного потока, а также спланировать стратегию восстановления этих экосистемных функций.
Этот проект может являться частью создания Цифрового двойника речной сети «СимПри», который необходим для разработки, реализации и мониторинга проектов восстановления полноводности рек для их судоходства, предотвращения наводнений, эрозионных процессов, заиливания русел рек, диффузного загрязнения речных потоков и гармонизации водно-климатического баланса урбанизированных территорий.
Предлагаем включиться в реализацию этого проекта путём решения одной из нижеперечисленных задач:
1 - создать алгоритмы восстановления истоков рек по рельефу с целью определения границ территорий питающих истоки рек (водоразделов);
2 - создать алгоритмы выделения границ зон основных и промежуточных водоразделов;
3 - создать алгоритмы выделения зон выветривания осадков на водоразделах;
4 - создать алгоритмы выделения зон склонных к образованию эрозии почв;
5 - создать алгоритмы расчета сети ветрозащитных лесополос и лесопосадок на водоразделах для предотвращения выветривания осадков;
6 - создать алгоритмы выделения подземного русла реки и границ водоохранной зоны достаточной для предотвращения наводнений;
7 – создать алгоритмы расчета водозащитных лесополос и лесопосадок в границах водоохранной зоны русла рек необходимых для предотвращения наводнений, диффузного загрязнения и разрушения берегов;
8 – создать алгоритмы расчета водозащитных земляных сооружений в границах ЭК для восстановления функций естественной экосистемы водосбора рек на его урбанизированных участках;
","['Платформа Q-GIS', 'Знание языков С++ или Python для разработки расширений к Q-GIS']",[],АНО РППТ Уникальные ландшафты,А.Ю. Крылатов,Леонов Иван Евгеньевич,4. Анализ временных рядов,"1. **Data Science**  
   Для анализа данных и создания моделей, которые помогут определить границы экосистем и необходимые меры восстановления.
   
2. **Backend Developer**  
   Для разработки серверной части системы, которая будет обрабатывать данные и предоставлять API для работы с инструментами.

3. **Frontend Developer**  
   Для создания удобного пользовательского интерфейса, через который пользователи смогут взаимодействовать с системой и визуализировать результаты.

4. **DevOps Engineer**  
   Для настройки инфраструктуры и обеспечения бесперебойной работы системы, включая развертывание и поддержку серверов.

5. **QGIS Developer**  
   Для интеграции созданных алгоритмов в платформу QGIS и предоставления возможности пользователям работать с ними непосредственно в этой системе.","Для выполнения данной задачи разработчикам потребуется следующий набор hard-skills:

1. **Python** – для разработки алгоритмов и обработки данных.
2. **C++** – для создания расширений к платформе Q-GIS.
3. **Q-GIS** – как основной инструмент для работы с геопространственными данными.","**Роль**  
1. Data Science - 4  
2. UX/UI Design and Prototyping - 3  
3. Backend Development - 3  
4. Frontend Development - 3  
5. Testing - 3  
6. DevOps - 2"
25,Голосовой помощник для работы с записью пациентов/получения фидбека по телефону,"В рамках проекта необходимо будет разработать систему голосового бота, состоящую из 3 блоков. Задачи, исполняемые ботом, а также модели, используемые в работе, могут быть определены на ваше усмотрение. 
Общение с клиентом должно  проходить в зависимости от заданных сценариев: Выбор сценария будет зависеть от цели звонка(подтверждение записи, повторное подтверждение, опрос клиента, доп. информация), а так же от ответов клиента(полный отказ от записи, запись на другое время, переход на оператора, просьбы клиентов об услугах и т.д.). Необходимо будет разработать базовые сценарии ведения диалога с клиентом, обосновать свой выбор. Функционал можете выбрать любой, главное чтобы бот поддерживал минимум несколько сценариев работы и имел возможность получать информацию из БД.","['Python, JS, Go', 'Знание основ алгоритмов NLP', 'Знание фреймворков PyTorch/Tensorflow/HuggingFace', 'Знание основ теории работы нейронных сетей  ']","['Разработать STT блок ', 'Алгоритм (в том числе нейросетевой), способный следовать заданным паттернам ведения диалога, подтягивать необходимую информацию с базы данных', 'Разработать TTS блок', 'Способность выдавать ответ за вменяемое время (полный путь ~2-3 секунд, не более)', 'Способность поддержки одновременного разговора с 3-4 пользователями', 'Адекватное использование мощностей(тот же whisper точно не подойдёт из-за скорости и требуемых мощностей, можно посмотреть small и medium модели, например тут https://alphacephei.com/nsh/2023/01/22/russian-models.html)']",ООО Виста,И.С. Блеканов,Качаев Сергей,Разработка голосовых помощников,"1. Data Science  
2. Backend - разработка  
3. Frontend - разработка  
4. DevOps  
5. Testing","Для выполнения данного проекта разработчикам потребуется следующий набор hard-skills и соответствующих инструментов:

1. **Python** – основной язык программирования для реализации системы голосового бота.
2. **PyTorch/TensorFlow/Hugging Face** – библиотеки для работы с нейронными сетями и моделями машинного обучения.
3. **NLTK** – библиотека для обработки естественного языка, которая может использоваться для задач NLP.
4. **SQLAlchemy** – ORM для работы с базами данных.
5. **Flask/Django** – фреймворки для создания веб-приложений, которые могут понадобиться для интеграции с API.
6. **SpeechRecognition** – библиотека для распознавания речи.
7. **TextToSpeech** – библиотека для синтеза речи.
8. **Whisper** – модель для преобразования текста в речь, но её использование не рекомендуется из-за низкой производительности.
9. **Small и Medium модели** – такие как те, что предложены в ссылке, предоставленной заказчиком.

Этот список включает основные инструменты и технологии, необходимые для реализации проекта.","1. **Data Science**  
   Оценка: 5  
   Данная роль критически важна для проекта, поскольку требуется разработка алгоритма, способного следовать заданным паттернам ведения диалога и подтягивать информацию из базы данных. Это требует глубоких знаний в области машинного обучения и нейронных сетей.

2. **Дизайн UX / UI и проектирование интерфейсов**  
   Оценка: 3  
   Эта роль менее критична для разработки самого голосового бота, но она важна для создания удобного и интуитивно понятного интерфейса взаимодействия пользователя с системой.

3. **Backend - разработка**  
   Оценка: 4  
   Разработка backend-части системы также является важным аспектом, особенно учитывая необходимость интеграции с базой данных и обеспечение быстрого ответа системы.

4. **Frontend - разработка**  
   Оценка: 3  
   Как и в случае с UX/UI дизайном, фронтенд разработка важна, но не настолько критична, как работа над внутренними компонентами системы.

5. **Тестировщик**  
   Оценка: 2  
   Хотя тестирование важно для любого проекта, его роль в данном проекте не столь критична, так как основная сложность заключается в разработке алгоритмов и интеграции с системами.

6. **devOps**  
   Оценка: 2  
   DevOps инженер играет важную роль в обеспечении стабильности и масштабируемости системы, однако его задачи не являются первоочередными для реализации данного проекта."
26,Автоматизация компетентностного распределения специалистов по командам в проектах ИТ,"Автоматизация должна позволять осуществлять качественное автоматическое распределение специалистов, имеющих фиксированный перечень профессиональных компетенций с различным уровнем их развитости, по командам в проектах ИТ. Примечание: каждый ИТ специалист имеет набор категориальных фич, при генерации команды необходимо учитывать тематические направления, уровень скиллов специалистов, уровень скиллов сгенерированной команды должен не сильно отклоняться среднего уровня.","['Базовые знания Python', 'Базовое знание ML и DL, знакомство с стандартным стеком ML-инженера: scikit-learn, pytorch, numpy, pandas', 'Умение искать и обрабатывать информацию']","['Требуется разработать генеративную модель, способную по заданным критериям строить распределение специалистов по направлению IT (с учетом уровня их профессиональных навыков) по командам', 'Рассмотреть как методы классического ML, так и современные подходы DL', 'Провести обзор наиболее релевантных для данной задачи методов', 'Подобрать метрики оценки качества для решения данной задачи']",IT-Клиника СПбГУ,И.С. Блеканов,"Лалуев Денис, Блеканов И.С.",1. Разработка веб-сервисов,"1. Data Science  
2. Backend - разработка  
3. Frontend - разработка  
4. DevOps  
5. Testing","python, sklearn, pytorch, numpy, pandas","1. **Data Science**  
   Оценка: 5  
   Данная роль является ключевой для проекта, поскольку именно специалисты по Data Science будут разрабатывать генеративную модель, анализировать данные, выбирать подходящие методы машинного обучения и внедрять их. Это требует глубоких знаний в области ML/DL и умения работать со сложными алгоритмами.

2. **Дизайн UX / UI и проектирование интерфейсов**  
   Оценка: 2  
   Эта роль менее важна для данного проекта, так как основная цель – автоматизация процесса распределения специалистов, а не создание пользовательского интерфейса. Тем не менее, дизайн может играть определенную роль в удобстве использования системы, но его влияние на конечный результат не столь критично.

3. **Backend - разработка**  
   Оценка: 4  
   Разработчики бэкэнда необходимы для реализации модели и интеграции ее в систему, однако их роль не настолько критична, как у Data Science. Они могут быть заменены другими разработчиками, если проект будет реализован на основе уже существующих решений.

4. **Frontend - разработка**  
   Оценка: 3  
   Как и в случае с дизайном UX/UI, фронтенд-разработка также играет вспомогательную роль. Хотя пользовательский интерфейс важен для взаимодействия с системой, он не влияет напрямую на качество распределения специалистов.

5. **Тестировщик**  
   Оценка: 2  
   Тестирование важно для любого проекта, но оно не является основной задачей для этого проекта. Основная работа сосредоточена на разработке и внедрении модели, а тестировщики проверяют корректность работы системы после завершения разработки.

6. **devOps**  
   Оценка: 3  
   DevOps инженеры играют важную роль в поддержке инфраструктуры и обеспечении стабильности работы системы, что особенно актуально для проектов с большими объемами данных и сложной архитектурой. Однако их вклад не столь критичен, как у разработчиков и специалистов по Data Science."
27,Детекция заболеваний лёгких на рентген-флюорографиях,"В рамках данного проекта вам предстоит обучить нейросетевую модель семейства CNN для задачи детекции различных патологий на рентген-снимках. Набор данных вы можете взять с сайта kaggle, или с других открытых источников, вот пример некоторых из них: https://www.kaggle.com/datasets/vbookshelf/tbx11k-simplified, https://www.kaggle.com/datasets/tawsifurrahman/tuberculosis-tb-chest-xray-dataset, https://www.kaggle.com/datasets/pcbreviglieri/pneumonia-xray-images. 
В качестве основной модели вы можете использовать любые CNN-архитектуры, скорее всего вам подойдут семейства EfficientNet и DenseUnet. В процессе выполнения задания вы можете столкнуться с проблемами недостаточного обучения или, наоборот, сильного переобучения модели на ваших тренировочных данных. Вот несколько возможных решений, которые могут помочь вам:
-Добавление новых данных в обучающую выборку. Попробуйте объединить в ней снимки из разных наборов данных. 
- Оценка тепловых карт предсказывающей модели. Так вы сможете понять, куда именно смотрит ваша модель в момент предсказания. 
- Дополнительные обработки изображения – отделение смазанных/шумных изображений, поиск контуров интересующих вас областей(например, самих лёгких), возможная их сегментация. 
В результате у вас должны получиться модель, которая будет, во-первых, с хорошей вероятностью классифицировать  изображения по вами определённым классам (можно взять пневмонию/туберкулёз, а так же просто маркеры здоров/болен). И во-вторых, достаточно точно определять области на изображении, которые являются маркером данной болезни.
","['Базовые навыки в области CV', 'Знание Python', 'Базовые навыки работы с нейросетями']","['Высокая точность классификации изображения', 'Возможность точно сегментировать области на изображении, которые являются маркером болезни ']",ООО Виста,И.С. Блеканов,Качаев Сергей,Анализ изображений / видео,"1. Data Science  
2. Backend - разработка  
3. Frontend - разработка  
4. Testing  
5. DevOps","Для решения этой задачи разработчикам необходимы следующие hard-skills:

1. Знание Python
2. Базовые навыки работы с нейросетями
3. Основы компьютерного зрения (CV)","1. **Data Science**  
   Оценка: 5  
   Данная роль является ключевой для проекта, поскольку требуется глубокое понимание методов машинного обучения, особенно в области компьютерного зрения (CV). Разработчикам данных науки необходимо будет выбрать подходящую архитектуру модели, настроить гиперпараметры, провести эксперименты с различными методами регуляризации и обработкой данных.

2. **Дизайн UX / UI и проектирование интерфейсов**  
   Оценка: 2  
   Эта роль не является критически важной для проекта. Хотя визуализация результатов может быть полезна для интерпретации моделей, она не влияет напрямую на качество модели или ее производительность.

3. **Backend - разработка**  
   Оценка: 3  
   Backend-разработка необходима для развертывания модели и интеграции ее в систему, но это менее критично для самого процесса разработки модели. Тем не менее, эта роль важна для конечной реализации проекта.

4. **Frontend - разработка**  
   Оценка: 3  
   Как и в случае с UX/UI дизайном, фронтенд-разработка важна для представления результатов пользователям, но не является критичной для самой модели.

5. **Тестировщик**  
   Оценка: 3  
   Тестирование важно для проверки качества модели, но его можно рассматривать как вспомогательную роль, поскольку основная ответственность за качество лежит на разработчиках данных науки.

6. **devOps**  
   Оценка: 3  
   DevOps также играет важную роль в проекте, так как необходимо будет развернуть модель и интегрировать ее в производственную среду. Однако, это не является основным направлением проекта."
28,Классификатор источников звука,"В современном мегаполисе большое количество источников звука, часть из которых может доставлять дискомфорт окружающим, некоторые сознательно привлекают людей. Необходимо определять их тип для эффективной реакции.
Целью проекта является разработка модуля классификации источников звука, использующего гибкий механизм машинного обучения в целях быстрой адаптации к различным видам сигналов и окружающей обстановке.
","['Базовое понимание теории звука и цифровой обработки сигналов', 'Знание основ машинного обучения']","['Необходимо реализовать на любом языке программирования модуль определения факта наличия звукового сигнала и типа источника по принятой временной выборке', 'При обнаружении сигналов необходимо определить их начало и длительность', 'Модуль должен иметь возможность обучения и последующего дообучения']",СТЦ,И.С. Блеканов,Алексей,2. Анализ текстов и поисковые движки,"1. Data Science  
2. Backend - разработка  
3. DevOps  
4. Testing (тестирование)  
5. Design UX/UI","python, numpy, scipy, librosa, tensorflow, keras","1. **Data Science**  
   Оценка: 5  
   Разработчик этой роли играет ключевую роль в проекте, так как именно он будет отвечать за создание модели машинного обучения, которая должна эффективно классифицировать источники звука. Это требует глубокого понимания алгоритмов машинного обучения и анализа данных.

2. **Дизайн UX / UI и проектирование интерфейсов**  
   Оценка: 2  
   Эта роль менее важна для данного проекта, поскольку основной акцент делается на разработку алгоритма машинного обучения, а не на пользовательский интерфейс. Однако, если проект предполагает интеграцию с конечными устройствами, то эта роль также может внести вклад в удобство использования.

3. **Backend - разработка**  
   Оценка: 3  
   Хотя backend-разработка необходима для реализации серверной части системы, она менее критична для проекта, чем разработка самого модуля классификации звуков. Тем не менее, без надежной серверной инфраструктуры проект не сможет функционировать.

4. **Frontend - разработка**  
   Оценка: 2  
   Как и в случае с UX/UI дизайном, фронтенд-разработка имеет меньшее значение для проекта, сосредоточенного на разработке алгоритмов машинного обучения. Однако, если система предполагает взаимодействие с пользователем через веб-интерфейс, то этот специалист будет необходим.

5. **Тестировщик**  
   Оценка: 4  
   Тестировщик играет важную роль в проекте, особенно учитывая необходимость проверки эффективности работы модели на различных типах звуков и условиях окружающей среды. Его работа поможет убедиться, что модель работает корректно и выполняет свои задачи.

6. **devOps**  
   Оценка: 3  
   DevOps инженер также важен для проекта, так как он отвечает за настройку и поддержку инфраструктуры, необходимой для развертывания и эксплуатации модели машинного обучения."
29,Автоматизация сбора и обработки пространственных данных,"В мире существует не только большое количество картографических сервисов и геоинформационных систем, но и данных, которые создаются и используются этими сервисами. Часть таких данных открыты и могут свободно использоваться. Однако объём и динамика изменения таких данных таковы, что при решении задач пространственного анализа может потребоваться автоматизация процессов их сбора, обработки и структурирования (в каком-то смысле требуется реализация ETL/ELT сценариев).
В качестве основного источника таких данных участникам проекта предлагается рассмотреть данные проекта OSM, к дополнительным источникам можно отнести источники и данные, найденные и предложенные самими участниками, например GHSL, данные публикуемые на государственных сервисах и т.д.","['Умение или готовность к быстрому освоению работы с инструментами управления данными', 'Python', 'git', 'Облачные технологии', 'СУБД', 'Инструменты работы с пространственными данными']",[],Центр аналитики динамических процессов и систем СПбГУ,Севрюков С.Ю.,А. Ю. Крылатов,1. Разработка веб-сервисов,"1. Data Science  
2. Backend - разработка  
3. DevOps  
4. Testing  
5. Data Engineer","Python, git, СУБД, инструменты работы с пространственными данными","1. **Data Science**  
   Оценка: 5  
   Данная роль важна, так как проект предполагает работу с большими объемами данных, требующими анализа и обработки. Навыки работы с Python, СУБД и облачными технологиями критически необходимы для успешного выполнения задачи.

2. **Дизайн UX / UI и проектирование интерфейсов**  
   Оценка: 3  
   Эта роль менее критична для данного проекта, поскольку основной акцент делается на обработку данных и разработку алгоритмов, а не на создание пользовательского интерфейса. Тем не менее, качественный дизайн интерфейсов может повысить удобство использования системы.

3. **Backend - разработка**  
   Оценка: 4  
   Важность этой роли высока, так как необходимо разрабатывать серверную часть для хранения и обработки данных. Знание Python и умение работать с базами данных также являются ключевыми навыками.

4. **Frontend - разработка**  
   Оценка: 3  
   Как и в случае с UX/UI дизайном, фронтенд разработка важна, но не первостепенна. Она нужна для создания удобного интерфейса пользователя, однако основная работа будет сосредоточена на бэкенде.

5. **Тестировщик**  
   Оценка: 2  
   Тестирование важно для любого проекта, но в данном проекте, где основное внимание уделяется разработке алгоритмов и обработке данных, тестировщики играют вспомогательную роль.

6. **devOps**  
   Оценка: 4  
   DevOps инженер играет важную роль, особенно если проект использует облачные технологии. Умение управлять инфраструктурой и настройкой CI/CD процессов является ценным для успешной реализации проекта."
30,Сервис по анализу региональной транспортно-логистической системы,"Сервис должен позволять устанавливать среднее число связей (связь – это пересечение улиц) в топологии транспортно-логистической сети региона для каждого объекта сети со всеми остальными как в регионе в целом, так и по отдельным районам.","['Знание Javascript/Typescript и т.п.', 'Знание стандартов HTML/CSS', 'Знание фреймворков React/Angular/Vue и т.п.', 'Знание инструментов сборки фронтенд-проектов']","['Разработать веб-приложение для исследования и анализа региональной транспортно-логистической системы', 'Выявлять самоорганизующиеся региональные пространства и пространства (районы), план (структура) которых задан(-а) регулярным (системным) проектом (self-organization vs top-down planning)', 'Загружать и обрабатывать карту любого региона (на примере, Северо-Запада)', 'Представлять и визуализировать топологию сети общественного транспорта в виде графа, вычислять параметры данной топологии']",Центр аналитики динамических процессов СПбГУ,С.Ю. Севрюков,А. Ю. Крылатов,Разработка веб-сервисов,"1. Data Science  
2. Backend - разработка  
3. Frontend - разработка  
4. DevOps  
5. Testing","JavaScript, TypeScript, HTML, CSS, React, Angular, Vue, Webpack, npm","1. **Data Science**  
   Оценка: 5  
   Роль важна, поскольку требуется обработка данных и анализ топологии сети, что включает работу с большими объемами информации и применение алгоритмов машинного обучения.

2. **Дизайн UX / UI и проектирование интерфейсов**  
   Оценка: 4  
   Важность высокая, так как приложение должно быть удобным для пользователей, а также иметь интуитивно понятный интерфейс для работы с графиками и картами.

3. **Backend - разработка**  
   Оценка: 3  
   Средняя значимость, так как основная функциональность будет сосредоточена на фронтенде, но backend необходим для обработки данных и интеграции с API.

4. **Frontend - разработка**  
   Оценка: 5  
   Высокая важность, учитывая, что большая часть взаимодействия пользователя будет происходить через фронтенд.

5. **Тестировщик**  
   Оценка: 3  
   Средняя важность, так как тестирование важно для качества продукта, но его объем может быть меньше, чем для других ролей.

6. **devOps**  
   Оценка: 2  
   Низкая важность, так как проект не требует сложных инфраструктурных решений, и основное внимание уделяется разработке и тестированию."
31,"Система хранения, индексирования и визуализации медицинских данных в формате DICOM","Проект направлен на проектирование и разработку системы хранения, индексирования и визуализации медицинских данных в формате  DICOM. Приложение должно включать ролевую систему:
- Администратор, имеет все права и доступы, может удалять dicom файлы, менять информацию о них, мониторить нагрузку системы (например количество текущих задач по загрузке/индексации данных)
- Загрузчик, имеет возможность загружать данные и отслеживать процесс загрузки данных.
- Модератор, имеет возможность, загружать данные и отслеживать процесс загрузки данных, настраивать визуализацию данных, выгружать фрагменты данных, деанонимизировать данные
- Технический аккаунт, имеет возможность выгружать фрагменты данных.
","['Backend: python fastapi', 'Frontend: react/vue', 'Database: postgtresql', 'Message Broker: Rabbit MQ', 'Data storage: minio']","['Система имеет веб интерфейс позволяющий взаимодействовать с ней пользователю и выполнять перечисленные ниже задачи', 'Загрузка данных в формате архива, содержащего DICOM файлы и хранения как исходных архивов, так и распакованных', 'Индексация dicom фала по структуре, выделение в нем различных пациентов, исследований и съемок, а также метаданных относящихся к каждой сущности (например времени съемки)', 'Индексация производится  асинхронно в виде backend задачи и не блокирует действия пользователя', 'Дедупликация данных(*), если два или более пользователей загрузили одинаковые данные(фрагменты данных) с точностью до названия, то хранить только один экземпляр данных', 'Демонстрация процесса загрузки и обработки dicom данных, уведомление пользователя об окончании работы', 'Предоставление быстрого доступа к отдельной съемке/исследованию/пациенту (выгрузка нужного фрагмента в dicom/npy/pickle формате)', 'Анонимизация dicom данных – кодирование/хеширование персональных данных пациентов при выгрузке фрагментов dicom', 'Деанонимизация данных по запросу соответствующих ролей', 'Визуализация различных 2d срезов снимков dicom и настройка основных параметров отображения снимков dicom (яркость и контрастность)', 'Возможность взаимодействовать с сервисом не только через веб интерфейс, но и через API из других сервисов', 'Функции аутентификации и авторизации пользователей']",Клиника Пирогова СПбГУ,И.С. Блеканов,Лев Коваленко,1. Разработка веб-сервисов,"1. **Data Science**  
2. **Backend - разработка**  
3. **Frontend - разработка**  
4. **DevOps**  
5. **Тестировщик**","Для выполнения указанного проекта необходимы следующие hard-skills:

1. Python (FastAPI)
2. React / Vue (для фронтенда)
3. PostgreSQL (для базы данных)
4. RabbitMQ (для брокера сообщений)
5. MinIO (для хранения данных)","Вот результаты оценки каждой роли:

1. **Data Science** - 3
   - Требуется для анализа данных и их визуализации, что важно для проекта, но не является критически необходимым.
   
2. **Дизайн UX / UI и проектирование интерфейсов** - 4
   - Важна для создания удобного и интуитивно понятного интерфейса, особенно учитывая специфику медицинской системы.

3. **Backend - разработка** - 5
   - Основа системы, отвечает за обработку данных, интеграцию с другими компонентами и безопасность.

4. **Frontend - разработка** - 4
   - Отвечает за пользовательский интерфейс, который играет важную роль в проекте.

5. **Тестировщик** - 3
   - Необходим для проверки корректности работы всех компонентов системы, но его вклад не критичен для успеха проекта.

6. **devOps** - 3
   - Нужен для настройки инфраструктуры и CI/CD процессов, но проект можно реализовать без него, если использовать готовые решения."
32,Сервис по анализу городского общественного транспорта,"Сервис должен позволять устанавливать среднее число связей (связь – это пересечение улиц) в сети общественного транспорта города для каждой улицы (с расположенными на ней остановочными пунктами) города со всеми остальными как в городе в целом, так и по отдельным районам.","['Знание Javascript/Typescript и т.п.', 'Знание стандартов HTML/CSS', 'Знание фреймворков React/Angular/Vue и т.п.', 'Знание инструментов сборки фронтенд-проектов']","['Разработать веб-приложение для исследования и анализа сети общественного транспорта города', 'Выявлять связные городские пространства и пространства (районы), план (структура) которых задан(-а) регулярным (системным) проектом (self-organization vs top-down planning)', 'Загружать и обрабатывать карту любого города (на примере, Санкт-Петербурга)', 'Представлять и визуализировать топологию сети общественного транспорта в виде графа, вычислять параметры данной топологии']",Центр аналитики динамических процессов СПбГУ,С.Ю. Севрюков,А. Ю. Крылатов,Разработка веб-сервисов,"1. Data Science  
2. Backend - разработка  
3. Frontend - разработка  
4. DevOps  
5. Testing","JavaScript, TypeScript, HTML, CSS, React, Angular, Vue, Webpack, Babel","1. **Data Science**  
   Оценка: 5  
   Данная роль важна, поскольку проект требует анализа данных и обработки больших объемов информации о связях между улицами и районами города. Это включает работу с графовыми моделями и алгоритмами машинного обучения.

2. **Дизайн UX / UI и проектирование интерфейсов**  
   Оценка: 4  
   Хотя дизайн интерфейса важен для удобства пользователей, данный проект больше сосредоточен на технической стороне разработки, поэтому эта роль менее критична.

3. **Backend - разработка**  
   Оценка: 5  
   Для реализации серверной части приложения необходимы глубокие знания в области разработки бэкенда, что делает эту роль ключевой для успешного выполнения проекта.

4. **Frontend - разработка**  
   Оценка: 4  
   Фронтенд-разработка также важна, но она не является основной задачей данного проекта, где акцент сделан на анализе данных и визуализации.

5. **Тестировщик**  
   Оценка: 3  
   Тестирование важно для любого проекта, но его значимость ниже, чем у других ролей, особенно учитывая техническую сложность задачи.

6. **devOps**  
   Оценка: 2  
   DevOps-инженер отвечает за инфраструктуру и автоматизацию процессов, что может быть полезно, но не является критически важным для данного проекта."
