,Название,Описание,Требования проекта,Требования к исполнителям,Заказчик,Куратор проекта,Контактная информация Заказчика,Тема проекта,Роли исполнителей,hard skills,Важность ролей
0,Модуль отладки динамического поведения графических объектов виртуальной реальности,"Имеется набор графических 3х-мерных объектов с частично реализованным динамическим поведением. Пример графического объекта - щит управления некоторым технологическим оборудованием. На щите управления расположены сигнализаторы и органы управления (лампы, кнопки и ключи). Динамическое поведение - изменение графических атрибутов объекта  во времени, а также реакция на действия пользователя. Графические объекты могли бы быть разработаны, к примеру, для использования в составе тренажера сложного технического объекта в виртуальной реальности. Моделируемый щит управления позволяет наблюдать за состоянием сигнализаторов и передавать состояние органов управления путем соответственно чтения и записи набора динамических моделируемых переменных. Т.е. каждый графический подобъект (лампа, кнопка и др.) в соответствии с собственным типом и идентификатором оборудования ассоциируется с переменной с известным именем. Штатный режим функционирования графических объектов в составе тренажера предполагает, что поставщиком данных, т.е. местом определения переменных, служит некоторая расчетная задача. Цель проекта - в разработке модуля отладки динамического поведения, который заменит расчетную задачу в том смысле, что позволит пользователю модуля:
 - подключить графический объект к источнику данных, т.е. разыскать необходимые моделируемые переменные путем их определения на стороне модуля;
 - вывести перечень запрошенных переменных на экран в списке пар <имя переменной - значение переменной> с целью просмотра и управления значением переменных на стороне модуля.
Таким образом, модуль отладки обеспечит возможность проверки правильности:
 - назначения моделируемых переменных для графического объекта в целом (или набора графических объектов на сцене);
 - реализации динамического поведения графических подобъектов путем просмотра и управления значением переменных на стороне модуля.","Клиент отображения (сцена виртуальной реальности) дан в виде сцены с набором графических объектов с частично реализованным динамическим поведением.
Доступна возможность правки объектов и их динамического поведения, в том числе, назначения моделируемых переменных.
Сценарии (Unreal Engine blueprint-ы) работы объектов и сцены используют набор сервисных функций (в частности функций обмена), реализованный в виде плагина.

Разработать и реализовать:
 - концепцию работы модуля (интерфейсы, структуры данных, алгоритмы) 
 - реализовать графический интерфейс модуля;
 - реализовать обмен данными между клиентом отображения (сценой ВР) и сервером (модулем отладки). Внести необходимые для обмена данными изменения в клиентскую часть.

Основные функции модуля отладки динамического поведения:
 - предоставление ""моделируемых"" переменных, запрошенных клиентом отображения - сценой ВР;
 - отображение перечня переменных с возможностью правки их значений для управления динамическим поведением графических объектов.","Требования:
 - навыки программирования на С++;
 - представления о способах обмена данными между парой приложений;
 - навыки работы в UE5 или стремление к освоению.",Росатом,"Блеканов И.С., Орехов М.Ю.","Михаил Юрьевич Орехов, 
Телеграм (доступен по выходным, а в рабочие дни - после 18:00): @O_rekhovM
почта: m.orekhov@spbu.ru",Разработка веб-сервисов,"1. Data Science
2. Backend - разработка
3. Frontend - разработка
4. Тестировщик
5. DevOps","Для выполнения данного проекта разработчикам потребуется обладать следующими навыками и инструментами:

1. C++
2. Знания о способах обмена данными между приложениями
3. UE5 (Unreal Engine 5)

Это основные инструменты, которые будут необходимы для успешного выполнения проекта.","1. Data Science - 1
2. Дизайн UX / UI и проектирование интерфейсов - 4
3. Backend - разработка - 3
4. Frontend - разработка - 5
5. Тестировщик - 2
6. devOps - 2"
1,Автоматическая цветовая коррекция,"Автоматическая цветовая коррекция необходима для улучшения визуального качества изображений путем оптимизации их цветового баланса. В процессе создания и обработки изображений могут возникать различные недочеты в цветопередаче, такие как неправильный баланс белого или оттенок. Это может происходить из-за неправильной экспозиции, освещения или настроек камеры.

Автоматическая цветовая коррекция позволяет исправить эти недочеты, делая цвета более точными и естественными. Это способствует улучшению восприятия и визуальной привлекательности изображений.
 
Автоматизация процесса цветовой коррекции также позволяет сэкономить время и усилия, особенно при работе с большим объемом изображений. 

Проект представляет собой разработку алгоритма автоматической коррекции цвета изображения, который может использоваться для улучшения качества фотографий, полученных с фотокамеры или других источников изображений. Алгоритм должен способствовать автоматическому исправлению цветового баланса, насыщенности и других параметров цвета с целью достижения более точного и приятного визуального восприятия изображений.","1.	В реализации алгоритма не должны применятся сторонние библиотеки и фреймворки для работы с изображением, такие как OpenCV.js, TensorFlow.js и т.п

2.	Разработать шейдеры на языке WebGL или WebGPU для реализации алгоритма автоматической коррекции цвета, который будет оптимизировать контрастность изображения с учетом цветовой гаммы и яркости.

3.	Алгоритм должен обеспечивать достаточную скорость обработки изображений и поддерживать частоту 15-30 кадров в секунду.

4.	Предусмотреть возможность настройки параметров автокоррекции цвета, таких как яркость, контрастность и насыщенность. Пользователь должен иметь возможность регулировать эти параметры в соответствии с конкретными требованиями.

5.	Реализовать возможность автоматической коррекции цвета для изображений любого формата.

6.	 Алгоритм должен корректно работать с различными цветовыми пространствами (например, RGB, CMYK, HSL).","1.	Понимание технологий WebGL, JavaScript, CanvasAPI.

2.	Знание основных принципов цветовой коррекции и фильтрации изображений.

3.	Понимание принципов работы с изображениями в форматах JPEG, PNG и других распространенных форматах.
",СТЦ,И.С. Блеканов,"Алексей,
Телеграм: @komalmex",Анализ изображений / видео,"1. Data Science
2. Backend - разработка
3. Frontend - разработка
4. Тестировщик
5. DevOps","WebGL, JavaScript, CanvasAPI","1. Data Science - 3
2. Дизайн UX / UI и проектирование интерфейсов - 2
3. Backend - разработка - 2
4. Frontend - разработка - 4
5. Тестировщик - 2
6. devOps - 2"
2,Алгоритм Retinex,"Целью данного проекта является разработка и реализация алгоритма улучшения изображения Retinex с использованием WebGL, который будет функционировать в браузере. Алгоритм Retinex является одним из наиболее эффективных методов для улучшения качества изображения, а использование WebGL позволит эффективно использовать графическое аппаратное ускорение браузера для быстрой обработки изображений.

Алгоритм Retinex основан на теории восприятия цвета человеческим глазом. Он позволяет улучшить качество изображения, компенсируя неконтролируемые факторы такие как освещение и отражения, которые могут исказить цвета и контрастность изображения. Алгоритм основан на предположении, что яркость сцены воспринимается сенсорами сетчатки глаза в логарифмическом масштабе, что позволяет более точно воспроизвести оттенки и контрастность.

Реализация алгоритма Retinex с использованием WebGL позволяет производить параллельные вычисления на графическом процессоре, что повышает производительность и позволяет обрабатывать изображения в реальном времени.

В рамках разработки проекта должны быть учтены требования к оптимизации производительности, чтобы обеспечить быстрое и плавное выполнение алгоритма Retinex на графическом процессоре. Кроме того, предусмотрены настройки параметров алгоритма, такие как уровень контраста и яркости изображения, чтобы пользователи могли легко настраивать результаты обработки под свои потребности.

Все вышеописанные задачи и требования будут выполняться с использованием языка JavaScript, HTML5 и WebGL. Проект будет реализован с использованием современных инструментов разработки и методологий, чтобы обеспечить высокое качество кода и удобство его поддержки.","1.	В реализации алгоритма не должны применятся сторонние библиотеки и фреймворки для работы с изображением, такие как OpenCV.js, TensorFlow.js и т.п

2.	Алгоритм должен обеспечивать достаточную скорость обработки изображений и поддерживать частоту 15-30 кадров в секунду.


3.	Разработать алгоритм улучшения изображения Retinex, использующий механизмы работы с цветовым пространством и контрастом.

4.	Имплементировать алгоритм на языке JavaScript, используя WebGL для выполнения вычислений на графическом процессоре.
5.	Обеспечить возможность загрузки и обработки изображений непосредственно в браузере с использованием WebGL.

6.	Оптимизировать процесс обработки изображений, чтобы обеспечить быструю и плавную работу алгоритма с помощью WebGL.

7.	Предусмотреть возможность настройки параметров алгоритма пользователем, таких как уровень контраста и яркости изображения.

8.	Разработать пользовательский интерфейс, интуитивно понятный и удобный для использования, с использованием WebGL для отображения обработанных изображений в реальном времени.
","1.	Понимание принципов работы с WebGL, JavaScript, HTML5.

2.	Основные знания по цифровой обработке изображений.
",СТЦ,И.С. Блеканов,"Алексей,
Телеграм: @komalmex",Разработка веб-сервисов,"1. Data Science
2. Backend - разработка
3. Frontend - разработка
4. Testing
5. DevOps","JavaScript, HTML5, WebGL","1. Data Science - 3
2. Дизайн UX / UI и проектирование интерфейсов - 4
3. Backend - разработка - 2
4. Frontend - разработка - 5
5. Тестировщик - 2
6. devOps - 2"
3,Интеллектуальное возвращение БпЛА в точку старта при отсутствии ГНСС и связи со станцией управления,"Проект посвящён управлению БпЛА, оснащённого камерой. Но
действующего в отсутствии сигнала ГНСС или иного активного
источника сигнала (радиомаяка). Целью является предоставление
возможности БпЛА автоматически совершить возврат в определённую
точку (точку старта) в случае потери сигнала ГНСС. Таким образом,
предполагается, что БпЛА сначала осуществлял полет с
использованием данных ГНСС, а замет потерял этот сигнал, оказался в
ситуации, в которой выполнение полётного задания оказалось
невозможным, и теперь требуется БпЛА вернуть на место старта или в
место, где сигнал ГНСС снова присутствует. При этом возможно
использование спутниковой геоподложки земного шара в качестве
основы представления о местности, в которой осуществляется полёт.
","1. Система должна автоматически начинать свою работу, как только выполнено одно из следующих условий:
1.1 потерян сигнал ГНСС;
1.2 пользователь принял решение об аварийном возвращении без использования ГНСС.
2. Система может осуществлять свою работу в пассивном режиме. То есть собирать и обрабатывать любые данные любых датчиков БпЛА ещё до того, как начался основной режим работы.
3. Система должна осуществить локализацию БпЛА на карте, построенной по ранее снятым материалам с видео, или получаемой в
виде спутниковой топографической основы.
4. Система должна обеспечивать управление БпЛА так, чтобы его движение было направлено в точку старта или в зону устойчивого ГНСС сигнала.
5. Система должна завершать свою работу в случае успешного приземления БпЛА или в случае попадания БпЛА в зону устойчивого сигнала ГНСС.
6. Система должна иметь возможность запускаться несколько раз за один полёт.
7. Система должна работать на вычислительном устройстве БпЛА (плата RockChip rv3588), потребляя не более половины её ресурсов.
8. Система должна обеспечивать пользователю возможность её включения и выключения в любой момент времени.
9. Система должна предоставлять актуальные данные о текущем положении БпЛА на протяжении всего времени своего исполнения.
10. Система не должна иметь пользовательского интерфейса, однако должна встраиваться компонентом в автопилот.
11. В качестве параметров, которые система получает в качестве входных, могут выступать:
11.1 данные видеопотока
11.2 данные барометра (высота полёта относительно точки старта)
11.3 данные гироскопа и акселерометра (ориентационные углы БпЛА)
11.4 данные оптического потока (если они есть)
11.5 данные геоподложки Данные параметры не синхронизированы.
12. В качестве параметров, которые система отдаёт, должны выступать:
12.1 координаты БпЛА в системе координат с центром в точке старта
12.2 направление и скорость БпЛА для достижения пункта назначения.","Язык программирования: С++
Программирование embedded системы
Знание основ компьютерного зрения
Знание алгоритмов машинного обучения (глубокого машинного обучения)
Наличие навыков работы с семейством плат RockChip, в частности создание кода под вычислитель NPU (neural process unit)
Наличие навыков программирования GPU (семейство Mali) с применением технологии openCL
Знание способов оптимизации кода под архитектуру ARM64 (использование технологии ARM NEON)",Гескан,И.С. Блеканов,"Матросов Валерий Витальевич. Руководитель отдела СПО.
+7-(921)-957-37-37

Куратор со стороны Заказчика: Филатов Артем Юрьевич. Программный архитектор отдела СПО.
+7-(906)-265-42-57",Анализ изображений / видео,"1. Data Science
2. Backend - разработка
3. Frontend - разработка
4. Тестировщик
5. DevOps","С++, embedded system programming, computer vision, machine learning, RockChip programming, NPU programming, GPU programming (openCL), ARM64 optimization","1. Data Science - 4
2. Дизайн UX / UI и проектирование интерфейсов - 2
3. Backend - разработка - 3
4. Frontend - разработка - 2
5. Тестировщик - 2
6. devOps - 2

Оценки даны по пятибалльной шкале, где 1 - наименее важный, 5 - наиболее важный."
4,Автоматизация сбора и обработки пространственных данных,"В мире существует не только большое количество картографических сервисов и геоинформационных систем, но и данных, которые создаются и используются этими сервисами. Часть таких данных открыты и могут свободно использоваться. Однако объём и динамика изменения таких данных таковы, что при решении задач пространственного анализа может потребоваться автоматизация процессов их сбора, обработки и структурирования (в каком-то смысле требуется реализация ETL/ELT сценариев).
В качестве основного источника таких данных участникам проекта предлагается рассмотреть данные проекта OSM, к дополнительным источникам можно отнести источники и данные, найденные и предложенные самими участниками, например GHSL, данные публикуемые на государственных сервисах и т.д.","Ожидаемый результат:
Артефакты, использование которых позволяет автоматизировать развертывание и настройку инфраструктуры (Infrastructure as a code).
ETL/ELT сценарии получения пространственных данных OSM для больших территорий (страна/материк).
Средства мониторинга работы инфраструктуры.
Для оценки качества выполненной реализации будет осуществлена попытка решения аналитической задачи с использованием собранных и обработанных пространственных данных.","Умение или готовность к быстрому освоению работы с инструментами управления данными, Python, git, облачные технологии, СУБД, инструментами работы с пространственными данными",Центра аналитики динамических процессов и систем СПбГУ,С.Ю. Севрюков,Профессор А.Ю. Крылатов,Разработка веб-сервисов,"1. Data Science
2. Backend - разработка
3. Frontend - разработка
4. DevOps
5. Testing","Python, git, облачные технологии, СУБД, инструменты работы с пространственными данными","1. Data Science - 4
2. Дизайн UX / UI и проектирование интерфейсов - 2
3. Backend - разработка - 3
4. Frontend - разработка - 2
5. Тестировщик - 1
6. devOps - 3

Оценки:
1 - Низкая важность
5 - Высокая важность"
