"Название","Описание","Требования проекта","Требования к исполнителям","Заказчик","Куратор проекта","Контактная информация Заказчика"
"Модуль планирования расходных материалов","Каждая медицинская услуга, оказываемая учреждением, включает в себя определенный перечень расходных материалов. 
Эффективное планирование и оптимизация процесса закупки расходных материалов помогает снизить издержки и рационально использовать бюджет медицинских учреждений. 
Недостаток или избыток расходных материалов может негативно сказаться на качестве оказываемых медицинских услуг. 
Регулярное обновление и изменение ассортимента расходных материалов требует постоянного контроля и актуализации списков закупок. 
Поэтому модуль для упрощения и оптимизации процесса закупки необходимых расходных материалов в медицинских учреждениях поможет автоматизировать и упростить процесс составления списков необходимых материалов, анализировать данные о потребностях и прогнозировать объемы закупок на определенный период времени, повысить производительность медицинского персонала.
","Разработать концепцию работы модуля, интерфейсы, сценарии использования, базовый алгоритм.
Основные функции:
1. Анализ и прогнозирование потребностей:
   - анализ и прогнозирование потребностей в расходных материалах на основе данных о расходе за предыдущие периоды.
   - учитывание сезонных факторов и других временных изменений, которые могут повлиять на потребности в расходных материалах.
2. Планирование заказов:
   - генерация плана заказов на основе прогнозируемых потребностей.
   - учитывание минимальных и максимальных запасов, установленных для каждого типа расходных материалов.
3. Оптимизация заказов:
   - автоматический расчет оптимального количества заказа, чтобы избежать избыточных запасов и недостатка материалов.
4. Уведомления и отчетность:
   - уведомления о необходимости сделать заказ.
   - генерация отчетов о потребностях в расходных материалах, заказах и поставках.","Знание базовых основ построения веб-сервисов и проектирования веб-интерфейсов.
Знание необходимых инструментов для frontend и back-end разработки.
Знание базовых основ работы с MySQL.
Умение искать и обрабатывать информацию.","Компания ""Виста""","Блеканов И.С.","Лазебникова Полина, 89148700715, qqpln@mail.ru
"
"Личный кабинет пациента","Пациенты довольно часто обращаются в медицинское учреждение, чтобы узнать результаты анализов, получить справку, записаться к врачу. Персонал не успевает обрабатывать такой объем заявок, из-за чего возникают очереди. Модуль «Личный кабинет пациента» сможет решить эти проблемы, предоставив инструментарий для записи пациента на прием, просмотра частей своей ЭМК (электронной медицинской карты), выгрузки документов и т.д.ератора по требованию. Чтобы сократить нагрузку на оператора и время ответа необходимо создать чат-бота, помогающего пользователям отслеживать выполнение задач.
","Разработать концепцию работы личного кабинета пациента, спроектировать интуитивно понятые и удобные интерфейсы. Предусмотреть панель администрирования. 
Минимальный набор функций:
−	Запись на приём к специалисту (медицинскую услугу);
−	Загрузка частей ЭМК из медицинской системы или непосредственно пользователем;
−	Просмотр частей своей ЭМК пациентом и выгрузки;
−	Отображение всех предстоящих и прошедших записей на приёмы пациента с датами, специальностями и ФИО врача; 
−	Отмена пациентом предстоящего приёма.","Знание базовых основ построения веб-сервисов и проектирования веб-интерфейсов.
Знание необходимых инструментов для frontend и back-end разработки.
Знание базовых основ работы с MySQL.
Умение искать и обрабатывать информацию.","Компания ""Виста""","Блеканов И.С.","Лазебникова Полина, 89148700715, qqpln@mail.ru"
"Смарт-клиника","Работа главного врача связана с частым сбором информации по работе больницы. Чтобы сократить количество затрачиваемого на это времени, предлагается создать концепцию и реализовать веб-страницу “Рабочего стола” глав. врача.
“Рабочий стол” - это интерактивная страница, на которой удобно, наглядно и интуитивно понятно представлена нужная глав. врачу информация по работе больницы. В нее могут входить, как статистические данные, получаемые из Базы данных программы Виста-Мед, так и отзывы посетителей с различных сайтов.","1. Разработать концепцию работы “Рабочего стола” - предложить решение подбора важных показателей.
2. Создать удобный и интуитивно понятный интерфейс. В зависимости от данных необходимо предусмотреть их визуализацию в виде таблицы, графика, изображения и т.д.
3. Автоматизировать передачу выбранных данных из программы Виста-Мед и сторонних сайтов на “Рабочий стол”.
4. Сделать страницу Входа, чтобы у каждого главного врача был свой профиль с информацией только по их больнице.
5. Продумать дальнейшие перспективы развития продукта.","""Знание базовых основ построения веб-сервисов и проектирования веб-интерфейсов.
Знание необходимых инструментов для frontend и back-end разработки.
Знание базовых основ работы с MySQL.
Умение искать и обрабатывать информацию.""
","Компания ""Виста""","Блеканов И.С.","Лазебникова Полина, 89148700715, qqpln@mail.ru
"
"Детектирование аорты сердца на снимках КТ","Существуют сложные случаи сердечно-сосудистых заболеваний, которые связаны с сердечной аортой 
и могут диагностироваться только очень небольшим множеством кардиологов. Задача проекта заключается в разработке технологий MedTech, помогающим начинающим кардиологам в диагностировании данных заболеваний и принятии решения.","1. Разработать модель глубокого обучения для сегментирования сердечной аорты
2. Разработать веб-сервис (отдельный, либо на основе телеграм-бота), в который пользователь-кардиохирург может загрузить снимки с КТ аппарата и получить визуальное представление отдельных частей аорты с детектированием ее особенностей.","● Знание базовых основ построения веб-сервисов и проектирования веб-интерфейсов.
● Знание необходимых инструментов для frontend и back-end разработки.
● Базовое знание ML и DL, знакомство с стандартным стеком ML-инженера: scikit-learn, pytorch, numpy, 
pandas
● Умение искать и обрабатывать информацию.","Клиника высоких медицинских технологий им. Н.И. Пирогова СПбГУ","И.С. Блеканов, Коваленко Лев","И.С. Блеканов, Лев Коваленко, Ким Глеб"
"Геоинформационная система для точного земледелия","Для реализации цифрового двойника в умном растениеводстве необходим единый веб-сервис, позволяющий систематизировать агроэкологические геоданные, обеспечивать к ним удобный доступ для пользователей, а также обрабатывать геоданные для решения определенного круга задач точного земледелия.","""1. Разработать концепцию единого Веб-сервиса, включающего следующие обязательные функции: 
     а) хранение и отображение контуров полей (полигонов);
     б) хранение и удобный доступ к ортофото полей;
     в) хранение и удобное отображение истории севооборота, а также агроопераций;
     г) реализовать модуль аналитики погодных данных в привязке к задачам точного земледелия;
     д) хранить и удобно отображать историю и результаты наземных измерений (векторный формат - геоточки с атрибутами);
     е) реализовать модуль калькулятора растров (построение карт основных вегетационных индексов по ортофото).
2. Создать удобный и интуитивно понятный интерфейса для Агронома. В зависимости от данных необходимо предусмотреть их визуализацию в виде таблицы, графика, изображения и т.д. Стартовая страница должна отображать интерактивную карту полей.
3. Автоматизировать передачу данных с метеосайтов, а также сенсоров при их наличии.
4. Продумать дальнейшие перспективы развития продукта.""","●Знание базовых основ построения веб-сервисов и проектирования веб-интерфейсов.
●Знание необходимых инструментов для frontend и back-end разработки.
●Знание базовых основ работы с PostgreSQL и PostGIS
●Умение искать и обрабатывать информацию.","Агрофизический институт","И.С. Блеканов, Лев Коваленко","Митрофанов Евгений Павлович, +79817597773, mjeka@agrophys.ru,
● agromelio.ru
● smart.agromelio.ru"
"Создание полевого робота для агроскаутинга","Для проведения научно-исследовательских экспериментальных работ, а также для решения определенного круга задач точного земледелия необходимо создать полевого робота. Основные задачи робота - это дистанционный сбор и передача в ГИС-приложение агроэкологических геоданных. Сбор данных предполагается осуществлять с помощью почвенного датчика, а также оптических сенсоров.","1. Разработать пайплайн реализации робота в задаче агроскаутинга.
2. Смоделировать архитектуру робота со всеми его элементами (база, корпус, комплектующие и т.п.), рассчитать основные теоретические параметры механики (нагрузки, мощность двигателя и т.п.).
3. Создать интерфейс для загрузки задания роботу и контролем его выполнения в реальном времени.
4. Протестировать прототип на работоспособность 
5. Продумать дальнейшее развитие робота.
6. Описать подробное руководство пользование роботом.","● Умение моделировать
● Умение работы с датчиками(Sensor soil, 2D Lidar, RGBD camera, GPS)
● Базовые занания программирования на C++ 
● Знание работы передачи данных (LORA)
● Знание базовых основ работы в Linux и ROS (Robot Operating System),
● Умение искать и обрабатывать информацию.","Агрофизический институт","И.С. Блеканов","Митрофанов Евгений Павлович, mjeka@agrophys.ru, +79817597773
agromelio.ru"
"Сервис по анализу городской топологии","Сервис должен позволять устанавливать среднее число связей (связь – это пересечение улиц) в топологии города  для каждой улицы города со всеми остальными как в городе в целом, так и по отдельным районам.","Разработать веб-ориентированное приложение для исследования и анализа улично-дорожной сети города, позволяющее выявлять самоорганизующиеся городские пространства и пространства (районы), план (структура) которых задан(-а) регулярным (системным) проектом (self-organization vs top-down planning). Приложение должно позволять загружать и обрабатывать карту любого города (на примере, Санкт-Петербурга), представлять и визуализировать городскую топологию улиц в виде графа, вычислять параметры данной топологии.","- Знание Javascript/Typescript и т.п.
- Знание стандартов HTML/CSS
- Знание фреймворков React/Angular/Vue и т.п.
- Знание инструментов сборки фронтенд-проектов","Сервис по анализу городской топологии","Блеканов И.С., Севрюков С.Ю.","Крылатов А.Ю."
"Сервис по анализу городского общественного транспорта","Сервис должен позволять устанавливать среднее число связей (связь – это пересечение улиц) в сети общественного транспорта города для каждой улицы (с расположенными на ней остановочными пунктами) города со всеми остальными как в городе в целом, так и по отдельным районам.","Разработать веб-ориентированное приложение для исследования и анализа сети общественного транспорта города, позволяющее выявлять связные городские пространства и пространства (районы), план (структура) которых задан(-а) регулярным (системным) проектом (self-organization vs top-down planning). Приложение должно позволять загружать и обрабатывать карту любого города (на примере, Санкт-Петербурга), представлять и визуализировать топологию сети общественного транспорта в виде графа, вычислять параметры данной топологии.","- Знание Javascript/Typescript и т.п.
- Знание стандартов HTML/CSS
- Знание фреймворков React/Angular/Vue и т.п.
- Знание инструментов сборки фронтенд-проектов
- Знание основ анализа данных","Центр аналитики динамических процессов и систем СПбГУ","Блеканов И.С., Севрюков С.Ю.","Крылатов А.Ю."
"Сервис по анализу региональной транспортно-логистической системы","Сервис должен позволять устанавливать среднее число связей (связь – это пересечение улиц) в топологии транспортно-логистической сети региона для каждого объекта сети со всеми остальными как в регионе в целом, так и по отдельным районам.","Разработать веб-ориентированное приложение для исследования и анализа региональной транспортно-логистической системы, позволяющее выявлять самоорганизующиеся региональные пространства и пространства (районы), план (структура) которых задан(-а) регулярным (системным) проектом (self-organization vs top-down planning). Приложение должно позволять загружать и обрабатывать карту любого региона (на примере, Северо-Запада), представлять и визуализировать региональную транспортно-логистическую топологию объектов в виде графа, вычислять параметры данной топологии.","- Знание Javascript/Typescript и т.п.
- Знание стандартов HTML/CSS
- Знание фреймворков React/Angular/Vue и т.п.
- Знание инструментов сборки фронтенд-проектов
- знание основ анализа данных","Центр аналитики динамических процессов и систем СПбГУ","Блеканов И.С., Севрюков С.Ю.","Крылатов А.Ю."
"Сервис по прогнозированию фондовых индексов","Сервис должен позволять осуществлять прогнозирование динамики фондовых индексов путём анализа статистики значений финансовых показателей нарастающим итогом, постоянно обновляя свои прогнозы с учётом изменяющихся условий рынка и мировой экономики. ","Разработать веб-ориентированное приложение для исследования и анализа фондовых индексов, позволяющее выявлять горизонты прогнозирования трендов и находить прогнозные значения финансовых показателей. Приложение должно позволять загружать и обрабатывать накопленные данные по любому фондовому показателю (на примере, РТС и NASDAQ), представлять и визуализировать результаты прогнозов, вычислять параметры прогнозируемого процесса.","- Знание Javascript/Typescript и т.п.
- Знание стандартов HTML/CSS
- Знание фреймворков React/Angular/Vue и т.п.
- Знание инструментов сборки фронтенд-проектов
- Знание основ анализа данных
","Центр аналитики динамических процессов и систем СПбГУ","И.С. Блеканов, С.Ю. Севрюков","Крылатов А.Ю., Лежнина Е.А."
"Сервис по анализу мировых демографических процессов","Сервис должен позволять осуществлять анализ динамики мировых демографических процессов путём анализа статистики значений демографических показателей нарастающим итогом, обновляя свои прогнозы с учётом изменяющихся условий.","Разработать веб-ориентированное приложение для исследования и анализа демографических процессов, позволяющее выявлять горизонты прогнозирования трендов и находить прогнозные значения демографических показателей. Приложение должно позволять загружать и обрабатывать накопленные данные о демографии по любому региону (на примере, России), представлять и визуализировать результаты прогнозов, вычислять параметры прогнозируемого процесса.","- Знание Javascript/Typescript и т.п.
- Знание стандартов HTML/CSS
- Знание фреймворков React/Angular/Vue и т.п.
- Знание инструментов сборки фронтенд-проектов
- Знание основ DS","Центр аналитики динамических процессов и систем СПбГУ","Блеканов И.С., Севрюков С.Ю.","Крылатов А.Ю., Захаров В.В."
"Автоматизация компетентностного распределения специалистов по командам в проектах ИТ","Автоматизация должна позволять осуществлять качественное автоматическое распределение специалистов, имеющих фиксированный перечень профессиональных компетенций с различным уровнем их развитости, по командам в проектах ИТ","Требуется разработать генеративную модель, способную по заданным критериям строить распределение специалистов по направлению IT (с учетом уровня их профессиональных навыков) по командам. Рассмотреть как методы классического ML, так и современные подходы DL.
Провести обзор наиболее релевантных для данной задачи методов.
Подобрать метрики оценки качества для решения данной задачи.
Примечание: каждый ИТ специалист имеет набор  категориальных фич, при генерации команды необходимо учитывать тематические направления, уровень скиллов специалистов, уровень скиллов сгенерированной команды должен не сильно отклоняться среднего уровня.","● Базовые знания Python
● Базовое знание ML и DL, знакомство с стандартным стеком ML-инженера: scikit-learn, pytorch, numpy, 
pandas
● Умение искать и обрабатывать информацию.","ИТ Клиника СПбГУ","Блеканов И.С.","Севрюков С.Ю., Горбунов В.И., Блеканов И.С."
"Разработать прототип игры, с адаптивной сложностью прохождения","​Создать прототип, где в основе системы сложности, лежит анализ результатов последней игровой сессии игрока. 
Жанр, дизайн и дизайн игрового процесса на усмотрение разработчика.","""Критерии, по которым продукт определяется как Игра:
1) Можно проиграть. (Относительно стабильная сборка, которую можно запустить и оценить) 
2) Два запуска игры не приводят к идентичному результату (действия игрока меняют мир игры и статус игрока).
3) Есть сложность/задача. Игра бросает “чалендж” и опытный игрок играет лучше, чем новичок.

Прочие требования:
- Сложность в игре изменяется автоматически, подстраиваясь под игрока.
- Игра разрабатывается на платформе Unreal Engine 4.","​Навыки работы с Unreal Engine 4
Язык программирования C++","CloverСreek Entertainment","И.С. Блеканов","Базаров Павел Игоревич,
strudel86@yandex.ru,
+7(921)7638506,
DIscord - Paul[CCE]%233238
"
"Голосовой бот для сбора данных для измерения Индекса потребительской лояльности (NPS)","Net Promoter Score (NPS), или Индекс потребительской лояльности - метрика, показывающая, насколько сильно пользователи любят или ненавидят вашу компанию.
Вычисление NPS строится на ответах пользователей по шкале с баллами на вопрос «Готовы ли вы рекомендовать компанию друзьям?».
Часто опросы NPS проводятся по телефону, в том числе с использованием голосовых роботов. При этом на данный момент использование голосовых роботов осложняется тем, что они работают в абсолютном большинстве случаев по заданному сценарию. И очень трудозатратно (поэтому нецелесообразно) создать для робота такой сценарий, чтобы робот в разговоре докапывался до самой глубины причины ответа клиента.

Например (Р-робот, К-клиент):
“Р: Здравствуйте, это компания [х]. Недавно вы пользовались нашими услугами. Оцените пожалуйста по 5-балльной сколь вероятно, что вы порекомендовали бы нас друзьям? Где оценка 5 - точно порекомендовал бы, а оценка 1 - точно не порекомендовал бы.
К: 1
Р: Очень жаль. Пожалуйста укажите а в чём причина такой низкой оценки.
К: Я 20 минут прождал приёма.
Р: Я записала вашу оценку. Всего доброго.”

В этом примере оператор (живой человек) уточнил бы дальше - с чем именно была связана причина ожидания, например:
“Р: Здравствуйте, это компания [х]. Недавно вы пользовались нашими услугами. Оцените пожалуйста по 5-балльной сколь вероятно, что вы порекомендовали бы нас друзьям? Где оценка 5 - точно порекомендовал бы, а оценка 1 - точно не порекомендовал бы.
К: 1
Р: Очень жаль. Пожалуйста укажите а в чём причина такой низкой оценки.
К: Я 20 минут прождал приёма.
Р: Подскажите пожалуйста, а с чем именно было связано ожидание.
К: Врач просто опоздал, хотя время у нас было согласовано само собой”.

Соответственно на примере выше задача заключается в том, чтобы после ответа клиента на вопрос про причину низкой оценки робот дальше стал бы доспрашивать и уточнять не по сценарию, т.к. такая конкретика в нём не заложена. В качестве основной гипотезы решения данной задачи видится применения технологии NLG или иных вариантов на усмотрение проектной команды.","1. Разработать чат-бота для решения задачи NPS на основе технологии NLG
2. Создать CLI Итерфейс
3. Реализовать пайплайн дообучения нейросетевой модели под контекстнозависимые данные
4. Продумать дальнейшие перспективы развития продукта","● Знание основ алгоритмов NLP
 ● Знание ЯП Python
 ● Знание основ теории работы искусственных нейронных сетей
 ● Знание фреймворков PyTorch/Tensorflow/HuggingFace","Компания Таргет Плюс (targetAI)","И.С. Блеканов","Зубрецкий Дмитрий Юрьевич, +79210839092, dm.zubreckiy@targetai.ai"
"Сервис для управления знаниями","Веб-приложение, позволяющее пользователям строить и обмениваться графами навыков, отмечать свой уровень владения и просматривать чужой. Расчитано как на одиночных пользователей, так и на команды","- Проанализировать рынок
- Спроектировать решение
- Разработать решение
- Развернуть решение","- Backend (python/go)
- Frontend (typescript, react)","СберКорус","Катун Илья Евгеньевич","Горбунов Владислав Игоревич
https://t.me/v_gorbunov"
"Определение положения робота-манипулятора с помощью нейронных сетей","Дано:
Пусть имеется большой набор данных положения робота манипулятора в двух форматах:
1.	Обобщенные координаты робота-манипулятора (шесть осей кинематической цепи):
J1 J2 J3 J4 J5 J6
2.	Реальное положение рабочего инструмента в формате декартовых координат и ориентации в углах Эйлера. 
X Y Z RZ RY RX
Задача:
Построить нейронную сеть, которая определяет реальное положение рабочего инструмента робота-манипулятора на основе его обобщенных координат","Формат данных выборки для удобства оптимизации может быть выбран определенным образом. Например, равномерное распределение точек в пространстве, изменение определенного звена (вращение конкретной оси) и так далее. 
Обучение нейронной сети должно происходить на 80% данных выборки, остальные 20% данных выборки выступают в качестве проверки точности построенной нейронной сети.","Минимальные требования: базовые знания ML и pythonв. Рекомендуется опыт использования библиотек pandas и tensorflow","АО Цифровая сборка","И.С. Блеканов","Рыбалкин Алексей Александрович, +7-950-664-9334, a.rybalkin@dassembly.ru
"
"Детектирование радиоизлучения по спектральной панораме","Современная радиосвязь объединяет в себе огромное количество различных технологических решений, которые позволяют осуществлять прием и передачу информации посредством свободного распространения радиоволн в окружающей среде. Непрерывное развитие систем и их цифровизация привели к появлению сложных видов сигнальных спектров, в том числе нерегулярных в частотной и временной областях. Например, псевдослучайная перестройка рабочей частоты (ППРЧ) - метод передачи информации по радиоканалу, особенность которого заключается в смене несущей частоты в процессе передачи сообщения. Новейшие системы контроля и анализа радиоэфира должны идти в ногу со временем и постоянно адаптироваться к изменяющимся условиям.

Целью проекта является разработка модуля детектирования радиоизлучения, использующего гибкий механизм машинного обучения в целях быстрой адаптации к различным видам сигналов.","Необходимо реализовать на любом языке программирования модуль определения факта наличия радиоизлучения по спектрально-временной панораме. При обнаружении сигналов также необходимо определить их основные параметры:
•	центральная частота;
•	полоса;
•	время;
•	длительность. 
Модуль должен иметь возможность обучения и последующего дообучения.","•	машинное обучение;
•	базовое понимание цифровой обработки сигналов. 
","СТЦ","И.С. Блеканов","Павел Александрович Баранов. 9112387545. Удобно общаться в ТГ в чате"
